area,positionname,longitude,latitude,timepoint,pm2_5,pm10,co,no2,so2,o3,o3_8h,aqi,primarypollutant
滁州市,银山路666号,118.3196,32.3335,2026-02-04T0300,96,98,0.8,47,10,28,,127,细颗粒物(PM2.5)
滁州市,黄山路555号,118.3426,32.2979,2026-02-04T0300,87,109,0.7,36,6,,,115,细颗粒物(PM2.5)
楚雄彝族自治州,市经济开发区,101.5379,25.0492,2026-02-04T0300,28,32,0.6,28,7,36,,40,
楚雄彝族自治州,团结路562号,101.5536,25.0343,2026-02-04T0300,30,39,0.7,29,5,16,,43,
达州市,市环境监测站,107.5087,31.2186,2026-02-04T0300,56,95,0.8,38,6,3,,77,细颗粒物(PM2.5)
达州市,凤凰小区,107.4988,31.2132,2026-02-04T0300,60,92,0.7,42,5,3,,82,细颗粒物(PM2.5)
达州市,达县机关宾馆,107.5081,31.1987,2026-02-04T0300,63,97,0.8,41,5,2,,85,细颗粒物(PM2.5)
达州市,市政中心,107.4644,31.2124,2026-02-04T0300,60,103,0.9,48,6,2,,82,细颗粒物(PM2.5)
大理白族自治州,大理市环境监测站,100.2168,25.5818,2026-02-04T0300,16,26,0.4,8,6,73,,26,
大理白族自治州,大理古城,100.1542,25.7055,2026-02-04T0300,16,23,0.6,6,7,76,,24,
大连市,甘井子,121.6119,38.974,2026-02-04T0300,102,129,0.6,41,14,57,,134,细颗粒物(PM2.5)
大连市,周水子,121.565,38.9509,2026-02-04T0300,99,117,0.9,32,9,56,,130,细颗粒物(PM2.5)
大连市,星海三站,121.5637,38.8849,2026-02-04T0300,93,111,0.9,26,8,55,,123,细颗粒物(PM2.5)
大连市,青泥洼桥,121.6301,38.9117,2026-02-04T0300,98,122,0.9,30,11,62,,129,细颗粒物(PM2.5)
大连市,傅家庄,121.6248,38.8643,2026-02-04T0300,91,133,1.2,37,9,50,,120,细颗粒物(PM2.5)
大连市,七贤岭,121.5117,38.8636,2026-02-04T0300,101,121,0.9,32,12,59,,133,细颗粒物(PM2.5)
大连市,金州,121.7507,39.1339,2026-02-04T0300,95,115,0.7,34,13,58,,125,细颗粒物(PM2.5)
大连市,开发区,121.7811,39.0495,2026-02-04T0300,96,109,0.8,25,8,61,,127,细颗粒物(PM2.5)
大连市,双D港,121.9762,39.0631,2026-02-04T0300,81,109,1.0,32,12,66,,108,细颗粒物(PM2.5)
大连市,旅顺,121.2548,38.8188,2026-02-04T0300,108,139,0.9,23,10,,,142,细颗粒物(PM2.5)
大庆市,大同区,124.8085,46.0381,2026-02-04T0300,23,33,0.4,11,8,64,,33,
大庆市,龙凤区,125.1166,46.5255,2026-02-04T0300,16,37,0.6,18,8,,,,
大庆市,红岗区,124.8894,46.4007,2026-02-04T0300,12,32,0.4,11,5,63,,32,
大庆市,萨尔图区,125.1391,46.578,2026-02-04T0300,19,22,0.4,18,9,60,,28,
大庆市,让胡路区,124.9026,46.6217,2026-02-04T0300,11,24,0.3,9,6,73,,24,
大庆市,萨区政府监测点,125.127,46.6277,2026-02-04T0300,12,32,0.7,34,8,,,,
大同市,云冈宾馆,113.2926,40.0759,2026-02-04T0300,25,55,0.8,42,14,29,,53,颗粒物(PM10)
大同市,大同大学,113.3437,40.0921,2026-02-04T0300,32,82,1.7,49,18,19,,66,颗粒物(PM10)
大同市,安家小村,113.2637,40.129,2026-02-04T0300,31,72,1.0,50,11,18,,61,颗粒物(PM10)
衡阳市,市监测站,112.6007,26.8977,2026-02-04T0300,42,92,1.2,26,9,41,,71,颗粒物(PM10)
衡阳市,真空机电公司,112.5658,26.9013,2026-02-04T0300,63,86,1.2,53,,10,,,
衡阳市,师范学院,112.6703,26.8817,2026-02-04T0300,48,78,0.2,35,11,43,,67,细颗粒物(PM2.5)
红河哈尼族彝族自治州,州图书馆,103.3757,23.3679,2026-02-04T0300,26,36,0.6,15,14,41,,38,
红河哈尼族彝族自治州,蒙自市朝阳路,103.401,23.3561,2026-02-04T0300,23,31,0.4,12,10,40,,33,
呼和浩特市,呼市一监,111.6506,40.7517,2026-02-04T0300,45,90,1.2,51,9,0,,70,颗粒物(PM10)
呼和浩特市,如意水处理厂,111.7516,40.8369,2026-02-04T0300,32,61,0.6,61,11,2,,56,颗粒物(PM10)
呼和浩特市,二十九中,111.727798,40.806187,2026-02-04T0300,41,70,0.8,56,14,3,,60,颗粒物(PM10)
呼和浩特市,化肥厂生活区,111.717,40.7617,2026-02-04T0300,58,103,1.0,54,7,,,,
呼和浩特市,海东办,111.6519,40.8389,2026-02-04T0300,41,80,1.1,59,7,4,,65,颗粒物(PM10)
呼和浩特市,成吉思汗西街8号,111.591512,40.827312,2026-02-04T0300,30,58,0.7,59,7,3,,54,颗粒物(PM10)
呼和浩特市,公园东路75号,111.6597,40.8077,2026-02-04T0300,41,75,1.0,64,10,,,,
呼和浩特市,金海路35号,111.5427,40.7846,2026-02-04T0300,28,66,0.9,67,8,0,,58,颗粒物(PM10)
呼伦贝尔市,国华电力东,119.7511,49.1576,2026-02-04T0300,12,34,0.3,12,6,76,,34,
呼伦贝尔市,伊敏大街东7号,119.7569,49.2222,2026-02-04T0300,15,26,0.5,6,7,69,,26,
湖州市,城西水厂,120.075,30.867,2026-02-04T0300,47,65,0.4,29,6,67,,65,细颗粒物(PM2.5)
湖州市,仁皇山新区,120.083,30.8929,2026-02-04T0300,46,63,0.6,32,6,64,,64,细颗粒物(PM2.5)
湖州市,吴兴区站,120.1846,30.8592,2026-02-04T0300,55,75,0.4,28,5,52,,75,细颗粒物(PM2.5)
湖州市,南浔区站,120.4146,30.8538,2026-02-04T0300,33,48,0.5,33,7,38,,48,
葫芦岛市,龙港区,120.904878,40.721091,2026-02-04T0300,117,158,1.4,68,16,18,,153,细颗粒物(PM2.5)
葫芦岛市,化工街,120.8382,40.7521,2026-02-04T0300,122,171,1.4,106,26,5,,160,细颗粒物(PM2.5)
葫芦岛市,新区,120.8339,40.7078,2026-02-04T0300,134,144,1.5,92,17,5,,178,细颗粒物(PM2.5)
葫芦岛市,东城区,120.8697,40.7679,2026-02-04T0300,123,147,,100,22,5,,162,细颗粒物(PM2.5)
怀化市,河西地税局,109.9297,27.5383,2026-02-04T0300,56,99,/,20,1,44,,77,细颗粒物(PM2.5)
怀化市,市四医院,109.9783,27.5342,2026-02-04T0300,62,112,0.6,20,8,42,,84,细颗粒物(PM2.5)
怀化市,监测楼,109.9971,27.5579,2026-02-04T0300,,,,,,,73,,
淮安市,钵池山,119.0566,33.5991,2026-02-04T0300,70,92,0.6,75,,4,,,
淮安市,北京南路,119.0083,33.578,2026-02-04T0300,68,92,0.7,69,10,11,,92,细颗粒物(PM2.5)
淮安市,市监测站,118.9938,33.6083,2026-02-04T0300,78,90,0.8,50,12,27,,104,细颗粒物(PM2.5)
临沂市,鲁南制药厂,118.2962,35.0568,2026-02-04T0300,90,124,0.7,44,17,49,,119,细颗粒物(PM2.5)
临沂市,新光毛纺厂,118.2793,34.9976,2026-02-04T0300,94,117,0.8,41,17,44,,124,细颗粒物(PM2.5)
临沂市,河东保险公司,118.3955,35.0889,2026-02-04T0300,86,105,0.8,35,12,61,,114,细颗粒物(PM2.5)
临沂市,十里堡居委,118.3563,35.0215,2026-02-04T0300,91,114,0.8,44,16,53,,120,细颗粒物(PM2.5)
临沂市,南坊新区,118.359,35.1067,2026-02-04T0300,79,102,0.9,40,15,68,,105,细颗粒物(PM2.5)
临沂市,皇山花园小区,118.3915,35.0297,2026-02-04T0300,101,114,0.9,37,16,59,,133,细颗粒物(PM2.5)
柳州市,柳东小学,109.4854,24.3898,2026-02-04T0300,81,118,1.0,16,8,20,,108,细颗粒物(PM2.5)
柳州市,环保监测站,109.4109,24.3304,2026-02-04T0300,107,154,1.4,51,17,12,,140,细颗粒物(PM2.5)
柳州市,河西水厂,109.3886,24.3408,2026-02-04T0300,,,,,,,47,,
柳州市,市四中,109.4263,24.2951,2026-02-04T0300,102,128,1.6,55,8,0,,134,细颗粒物(PM2.5)
柳州市,市九中,109.396,24.3658,2026-02-04T0300,120,155,1.2,51,18,2,,158,细颗粒物(PM2.5)
柳州市,古亭山,109.4912,24.3164,2026-02-04T0300,55,74,0.7,55,7,0,,75,细颗粒物(PM2.5)
柳州市,市二中,109.5422,24.3994,2026-02-04T0300,96,98,1.0,44,10,5,,127,细颗粒物(PM2.5)
六安市,监测大楼,116.5078,31.7369,2026-02-04T0300,66,92,0.6,31,4,33,,89,细颗粒物(PM2.5)
六安市,皖西学院,116.4738,31.7642,2026-02-04T0300,74,105,0.6,46,4,15,,99,细颗粒物(PM2.5)
六安市,朝阳厂,116.4997,31.7904,2026-02-04T0300,70,92,0.7,36,4,26,,94,细颗粒物(PM2.5)
六安市,开发区,116.5566,31.7885,2026-02-04T0300,71,98,0.7,38,,88,,,
六盘水市,黄土坡,104.8293,26.592,2026-02-04T0300,57,72,2.8,33,7,11,,78,细颗粒物(PM2.5)
六盘水市,民中,104.8481,26.5898,2026-02-04T0300,68,90,4.3,39,5,4,,92,细颗粒物(PM2.5)
六盘水市,双水,104.9541,26.5506,2026-02-04T0300,14,19,0.8,10,3,33,,20,
六盘水市,钟山大道中段564号,104.8899,26.5685,2026-02-04T0300,38,60,3.8,25,12,12,,55,颗粒物(PM10)
龙岩市,龙岩市监测站,117.022,25.1031,2026-02-04T0300,33,36,0.7,28,16,32,,48,
龙岩市,闽西职业技术学院,117.0257,25.0662,2026-02-04T0300,38,41,0.6,20,5,66,,54,细颗粒物(PM2.5)
龙岩市,龙岩学院,117.0195,25.0306,2026-02-04T0300,27,33,/,22,4,31,,39,
陇南市,滨江中学,104.9344,33.3827,2026-02-04T0300,40,63,1.2,16,4,38,,57,"颗粒物(PM10),细颗粒物(PM2.5)"
陇南市,市总工会,104.9551,33.3709,2026-02-04T0300,36,58,1.1,17,2,39,,54,颗粒物(PM10)
娄底市,市监测站,111.9984,27.7346,2026-02-04T0300,84,123,1.6,55,7,4,,112,细颗粒物(PM2.5)
娄底市,市政府,111.9888,27.7035,2026-02-04T0300,62,91,0.5,30,5,19,,84,细颗粒物(PM2.5)
阿坝藏族羌族自治州,马师校,102.2503,31.8896,2026-02-04T0300,6,11,0.4,4,,38,,,
阿坝藏族羌族自治州,马尔康中学西区,102.2174,31.9016,2026-02-04T0300,6,17,0.4,6,7,40,,17,
阿克苏地区,电视台,80.2899,41.1684,2026-02-04T0300,159,310,4.9,83,13,8,,209,细颗粒物(PM2.5)
阿克苏地区,艺术中心,80.2592,41.1541,2026-02-04T0300,100,227,1.6,74,3,9,,139,颗粒物(PM10)
阿拉善盟,蒙二幼,105.699,38.8409,2026-02-04T0300,21,66,0.5,8,10,79,,58,颗粒物(PM10)
阿拉善盟,环保局新楼,105.7198,38.8508,2026-02-04T0300,21,69,0.5,5,8,80,,60,颗粒物(PM10)
阿勒泰地区,市站,88.1266,47.8515,2026-02-04T0300,3,12,0.4,6,3,81,,26,
阿勒泰地区,阿勒泰路33号,88.1198,47.7931,2026-02-04T0300,3,10,0.3,3,6,84,,27,
阿里地区,阿里监测站,80.1171,32.4999,2026-02-04T0300,3,6,0.3,2,9,85,,27,
阿里地区,阿里藏医院,80.0906,32.5029,2026-02-04T0300,3,6,0.3,1,7,94,,30,
安康市,汉滨区检察院,109.0088,32.6974,2026-02-04T0300,47,74,0.6,35,6,17,,65,细颗粒物(PM2.5)
安康市,市邮政管理局,109.0324,32.6913,2026-02-04T0300,47,84,0.6,34,5,20,,67,颗粒物(PM10)
安庆市,环科院,117.0806,30.5181,2026-02-04T0300,67,102,0.8,56,6,0,,90,细颗粒物(PM2.5)
安庆市,马山宾馆,117.0331,30.5118,2026-02-04T0300,65,112,1.0,52,6,2,,88,细颗粒物(PM2.5)
安庆市,安庆大学,116.9897,30.6146,2026-02-04T0300,63,93,0.7,56,5,8,,85,细颗粒物(PM2.5)
安庆市,市人大,117.0598,30.5351,2026-02-04T0300,61,108,0.6,50,7,7,,83,细颗粒物(PM2.5)
安顺市,凤凰山,105.9408,26.2431,2026-02-04T0300,6,13,0.7,10,9,28,,13,
安顺市,金钟山,105.9443,26.2567,2026-02-04T0300,12,12,0.8,11,11,28,,18,
安顺市,娄家坡,105.8983,26.248,2026-02-04T0300,6,15,0.7,9,10,44,,15,
安阳市,红庙街,114.3552,36.1017,2026-02-04T0300,118,124,0.8,40,6,40,,155,细颗粒物(PM2.5)
安阳市,银杏小区,114.361,36.0681,2026-02-04T0300,82,138,0.8,36,7,42,,109,细颗粒物(PM2.5)
安阳市,信访局,114.3921,36.0879,2026-02-04T0300,100,134,0.8,29,5,43,,132,细颗粒物(PM2.5)
安阳市,左辅环卫站,114.4706,36.0634,2026-02-04T0300,94,136,0.6,34,5,33,,124,细颗粒物(PM2.5)
安阳市,钢三路198号,114.2918,36.0769,2026-02-04T0300,124,171,0.9,35,4,31,,163,细颗粒物(PM2.5)
鞍山市,深沟寺,123.0441,41.1201,2026-02-04T0300,64,94,0.8,16,10,101,,87,细颗粒物(PM2.5)
鞍山市,太阳城,123.011,41.0931,2026-02-04T0300,68,89,0.9,16,14,95,,92,细颗粒物(PM2.5)
鞍山市,太平,123.0483,41.1445,2026-02-04T0300,,,,,,,93,,
鞍山市,铁西三道街,122.964,41.0968,2026-02-04T0300,68,100,0.7,27,15,93,,92,细颗粒物(PM2.5)
鞍山市,明达新区,123.0219,41.0822,2026-02-04T0300,66,91,0.9,17,12,98,,89,细颗粒物(PM2.5)
鞍山市,兴盛南路290号,122.944647,41.082639,2026-02-04T0300,72,101,0.6,22,17,94,,97,细颗粒物(PM2.5)
巴彦淖尔市,附二中,107.4206,40.7609,2026-02-04T0300,24,69,0.3,7,7,72,,60,颗粒物(PM10)
巴彦淖尔市,市环保大楼,107.37,40.7372,2026-02-04T0300,24,70,0.3,10,4,60,,60,颗粒物(PM10)
巴音郭楞蒙古自治州,孔雀公园,86.1476,41.7529,2026-02-04T0300,48,181,1.0,74,9,0,,116,颗粒物(PM10)
巴音郭楞蒙古自治州,棉纺厂,86.1971,41.7166,2026-02-04T0300,40,183,/,16,/,44,,117,颗粒物(PM10)
巴音郭楞蒙古自治州,经济开发区,86.236,41.7172,2026-02-04T0300,21,128,0.5,26,6,25,,89,颗粒物(PM10)
巴中市,市五中,106.776805,31.852614,2026-02-04T0300,49,73,0.9,22,,6,,,
巴中市,圣泉水务公司,106.7419,31.8654,2026-02-04T0300,56,70,1.2,33,6,3,,77,细颗粒物(PM2.5)
巴中市,市中心医院,106.7617,31.8343,2026-02-04T0300,65,81,1.2,32,6,1,,88,细颗粒物(PM2.5)
白城市,洮北区环保局,122.7909,45.608,2026-02-04T0300,26,44,0.3,10,6,,,,
白城市,市环保局,122.8741,45.5725,2026-02-04T0300,22,53,0.4,13,3,57,,52,颗粒物(PM10)
白山市,喜丰,126.4219,41.9172,2026-02-04T0300,45,59,1.2,10,15,85,,63,细颗粒物(PM2.5)
白山市,环保局,126.4082,41.9416,2026-02-04T0300,60,64,1.5,61,15,4,,82,细颗粒物(PM2.5)
白银市,第三小学,104.1727,36.5448,2026-02-04T0300,26,53,0.7,25,4,41,,52,颗粒物(PM10)
白银市,动力公司,104.1467,36.5482,2026-02-04T0300,27,56,0.4,13,3,50,,53,颗粒物(PM10)
百色市,市监测站,106.6102,23.901,2026-02-04T0300,74,84,1.1,34,22,22,,99,细颗粒物(PM2.5)
百色市,市中心血站,106.6524,23.8842,2026-02-04T0300,82,101,1.1,46,26,13,,109,细颗粒物(PM2.5)
百色市,龙景西路,106.6273,23.8798,2026-02-04T0300,86,124,0.9,36,29,18,,114,细颗粒物(PM2.5)
蚌埠市,工人疗养院,117.396,32.9389,2026-02-04T0300,85,110,0.7,58,5,32,,113,细颗粒物(PM2.5)
蚌埠市,百货大楼,117.3606,32.9428,2026-02-04T0300,75,107,0.7,52,4,28,,100,细颗粒物(PM2.5)
蚌埠市,蚌埠学院,117.4183,32.8909,2026-02-04T0300,83,124,0.7,51,4,38,,110,细颗粒物(PM2.5)
蚌埠市,淮上区政府,117.3534,32.9672,2026-02-04T0300,74,92,0.6,71,5,19,,99,细颗粒物(PM2.5)
蚌埠市,高新区,117.3143,32.8977,2026-02-04T0300,77,97,0.8,38,6,34,,103,细颗粒物(PM2.5)
蚌埠市,蚌埠田家炳中学,117.3091,32.9314,2026-02-04T0300,82,111,0.9,36,7,49,,109,细颗粒物(PM2.5)
包头市,市环境监测站,109.8761,40.6533,2026-02-04T0300,45,81,1.0,45,9,14,,66,颗粒物(PM10)
包头市,包头八中,109.9992,40.5843,2026-02-04T0300,63,84,2.0,68,13,,,,
包头市,惠龙物流,109.8641,40.6288,2026-02-04T0300,49,91,1.7,69,13,1,,71,颗粒物(PM10)
包头市,东河鸿龙湾,110.0376,40.5546,2026-02-04T0300,53,117,2.4,84,11,7,,84,颗粒物(PM10)
包头市,滨河大厦,109.9154,40.5684,2026-02-04T0300,50,91,1.5,80,11,2,,71,颗粒物(PM10)
包头市,包头市委党校,109.9449,40.6259,2026-02-04T0300,29,51,1.1,70,11,6,,51,颗粒物(PM10)
包头市,昆区政府,109.8332,40.6577,2026-02-04T0300,38,64,1.2,43,14,27,,57,颗粒物(PM10)
宝鸡市,竹园沟,107.0802,34.3129,2026-02-04T0300,56,86,0.7,33,6,14,,77,细颗粒物(PM2.5)
宝鸡市,监测站,107.1429,34.3549,2026-02-04T0300,81,111,0.6,32,5,24,,108,细颗粒物(PM2.5)
宝鸡市,技工学校,107.1172,34.3759,2026-02-04T0300,83,129,0.7,23,,30,,110,细颗粒物(PM2.5)
宝鸡市,文理学院,107.2025,34.3518,2026-02-04T0300,88,123,1.0,31,4,30,,117,细颗粒物(PM2.5)
宝鸡市,三迪小学,107.2396,34.3626,2026-02-04T0300,83,140,0.8,38,6,28,,110,细颗粒物(PM2.5)
宝鸡市,滨河北路,107.1721,34.3558,2026-02-04T0300,87,134,1.0,28,6,26,,115,细颗粒物(PM2.5)
宝鸡市,陈仓区北开路21号,107.3898,34.3601,2026-02-04T0300,89,143,0.7,47,25,32,,118,细颗粒物(PM2.5)
保定市,游泳馆,115.4803,38.8568,2026-02-04T0300,155,172,1.4,101,14,5,,205,细颗粒物(PM2.5)
保定市,华电二区,115.509,38.8895,2026-02-04T0300,132,157,1.3,90,6,0,,175,细颗粒物(PM2.5)
保定市,接待中心,115.4588,38.9037,2026-02-04T0300,125,148,1.1,77,3,1,,165,细颗粒物(PM2.5)
保定市,地表水厂,115.4484,38.8344,2026-02-04T0300,146,209,1.2,93,8,2,,195,细颗粒物(PM2.5)
保定市,满城区生态环境分局,115.3136,38.9511,2026-02-04T0300,123,144,1.8,67,7,2,,162,细颗粒物(PM2.5)
保定市,清苑区第二中学,115.4709,38.7628,2026-02-04T0300,146,197,0.9,63,12,12,,195,细颗粒物(PM2.5)
保定市,徐水物探局,115.6231,39.0223,2026-02-04T0300,149,212,1.4,97,12,2,,199,细颗粒物(PM2.5)
保定市,双鹰农机,115.4199,38.8665,2026-02-04T0300,139,212,1.2,82,10,11,,185,细颗粒物(PM2.5)
保定市,植保所站,115.515,38.8589,2026-02-04T0300,156,175,1.4,102,6,1,,206,细颗粒物(PM2.5)
保山市,市环境监测站,99.1589,25.1137,2026-02-04T0300,12,28,0.2,6,3,74,,28,
保山市,市环保局,99.1616,25.1381,2026-02-04T0300,15,31,0.4,4,3,77,,31,
北海市,海滩公园,109.1435,21.4085,2026-02-04T0300,18,42,0.8,8,7,95,,42,
北海市,新市环保局,109.0983,21.466,2026-02-04T0300,14,33,0.5,10,6,97,,33,
北海市,北海工业园,109.1775,21.5232,2026-02-04T0300,17,41,0.6,7,5,87,,41,
北海市,龙潭自来水厂,109.1844,21.4396,2026-02-04T0300,15,31,0.5,5,5,91,,31,
北京市,万寿西宫,116.3611,39.8786,2026-02-04T0300,83,121,1.0,103,5,2,,110,细颗粒物(PM2.5)
北京市,东四,116.4174,39.9289,2026-02-04T0300,87,124,1.0,93,7,2,,115,细颗粒物(PM2.5)
北京市,天坛,116.4073,39.8858,2026-02-04T0300,81,109,1.1,96,2,2,,108,细颗粒物(PM2.5)
北京市,农展馆,116.4622,39.9364,2026-02-04T0300,124,138,1.1,92,6,3,,163,细颗粒物(PM2.5)
北京市,官园,116.3399,39.9293,2026-02-04T0300,81,128,0.9,91,6,0,,108,细颗粒物(PM2.5)
北京市,海淀万柳,116.2879,39.9613,2026-02-04T0300,46,72,0.7,77,3,1,,64,细颗粒物(PM2.5)
北京市,顺义新城,116.6635,40.1349,2026-02-04T0300,59,99,0.7,70,5,2,,80,细颗粒物(PM2.5)
北京市,怀柔镇,116.6275,40.327,2026-02-04T0300,44,57,0.6,26,4,25,,62,细颗粒物(PM2.5)
北京市,昌平镇,116.2295,40.217,2026-02-04T0300,51,82,0.7,44,2,18,,70,细颗粒物(PM2.5)
北京市,奥体中心,116.3968,39.982,2026-02-04T0300,,,,,,,51,,
北京市,密云新城,116.8336,40.4095,2026-02-04T0300,66,103,0.6,56,3,4,,89,细颗粒物(PM2.5)
北京市,门头沟三家店,116.0879,39.9725,2026-02-04T0300,34,61,0.7,49,3,1,,56,颗粒物(PM10)
北京市,丰台云岗,116.1507,39.8246,2026-02-04T0300,34,65,0.7,66,3,2,,58,颗粒物(PM10)
北京市,房山燕山,115.9578,39.7602,2026-02-04T0300,46,67,0.7,40,4,14,,64,细颗粒物(PM2.5)
北京市,大兴旧宫,116.4669,39.7734,2026-02-04T0300,107,165,1.3,98,4,2,,140,细颗粒物(PM2.5)
北京市,延庆石河营,115.9859,40.4562,2026-02-04T0300,47,76,1.1,46,4,3,,65,细颗粒物(PM2.5)
北京市,怀柔新城,116.6151,40.3052,2026-02-04T0300,44,68,0.6,27,5,27,,62,细颗粒物(PM2.5)
北京市,丰台小屯,116.2542,39.8764,2026-02-04T0300,66,111,1.1,82,4,1,,89,细颗粒物(PM2.5)
北京市,密云镇,116.8399,40.3843,2026-02-04T0300,63,82,0.7,60,3,2,,85,细颗粒物(PM2.5)
北京市,延庆百泉,115.9423,40.4431,2026-02-04T0300,41,59,0.7,55,2,0,,58,细颗粒物(PM2.5)
北京市,通州新华,116.6598,39.9164,2026-02-04T0300,111,143,1.3,102,5,1,,145,细颗粒物(PM2.5)
北京市,石景山八角,116.1942,39.9158,2026-02-04T0300,44,85,0.7,85,1,5,,68,颗粒物(PM10)
北京市,平谷新城,117.078628,40.151726,2026-02-04T0300,112,148,1.1,40,4,19,,147,细颗粒物(PM2.5)
本溪市,大峪,123.8274146,41.31234549,2026-02-04T0300,67,100,0.8,24,11,73,,90,细颗粒物(PM2.5)
本溪市,彩屯,123.7169,41.3094,2026-02-04T0300,76,103,3.6,50,32,42,,102,细颗粒物(PM2.5)
本溪市,东明,123.7672166,41.28649327,2026-02-04T0300,147,,0.9,17,12,80,,196,细颗粒物(PM2.5)
本溪市,新立屯,123.799345,41.266614,2026-02-04T0300,58,66,0.9,20,12,83,,79,细颗粒物(PM2.5)
本溪市,威宁,123.829144,41.336777,2026-02-04T0300,57,98,0.9,37,9,,,,
毕节市,八中,105.287,27.3133,2026-02-04T0300,11,,0.9,8,9,37,,16,
毕节市,师专,105.3079,27.2987,2026-02-04T0300,13,,0.8,9,8,40,,19,
毕节市,工业大道,105.3688,27.3598,2026-02-04T0300,15,,/,9,10,43,,22,
滨州市,第二水厂,117.9961,37.3604,2026-02-04T0300,120,151,0.9,48,14,37,,158,细颗粒物(PM2.5)
滨州市,北中新校,117.9789,37.3931,2026-02-04T0300,121,153,0.9,34,,51,,159,细颗粒物(PM2.5)
滨州市,中海酒店,117.9379,37.3959,2026-02-04T0300,128,149,0.9,34,17,,,169,细颗粒物(PM2.5)
滨州市,开发区一中,117.9381509,37.35547456,2026-02-04T0300,121,161,1.0,38,17,40,,159,细颗粒物(PM2.5)
滨州市,金海六路,118.0914,37.6938,2026-02-04T0300,138,168,1.0,52,12,33,,183,细颗粒物(PM2.5)
滨州市,滨州市西街道办事处,117.9955,37.3752,2026-02-04T0300,107,146,0.9,32,13,54,,140,细颗粒物(PM2.5)
亳州市,污水处理厂,115.8071,33.8399,2026-02-04T0300,70,93,0.4,27,5,54,,94,细颗粒物(PM2.5)
亳州市,三国揽胜宫,115.7789,33.8519,2026-02-04T0300,67,106,0.5,30,5,58,,90,细颗粒物(PM2.5)
亳州市,亳州学院,115.7631,33.803,2026-02-04T0300,77,108,0.7,30,4,44,,103,细颗粒物(PM2.5)
博尔塔拉蒙古自治州,市党校,82.0482,44.8553,2026-02-04T0300,70,98,0.5,22,2,51,,94,细颗粒物(PM2.5)
博尔塔拉蒙古自治州,市环保局,82.0805,44.8966,2026-02-04T0300,86,134,1.3,36,6,36,,114,细颗粒物(PM2.5)
沧州市,沧县城建局,116.8733,38.2922,2026-02-04T0300,137,150,0.9,40,9,41,,182,细颗粒物(PM2.5)
沧州市,电视转播站,116.8462,38.3189,2026-02-04T0300,153,153,1.0,41,8,36,,203,细颗粒物(PM2.5)
沧州市,市环保局,116.8588,38.3161,2026-02-04T0300,120,162,1.0,35,11,,,158,细颗粒物(PM2.5)
沧州市,河北水利电力学院,116.8011,38.294,2026-02-04T0300,137,168,0.9,32,10,40,,182,细颗粒物(PM2.5)
昌都市,昌都监测站,97.1813,31.1289,2026-02-04T0300,10,22,0.5,21,3,32,,22,
昌都市,昌都会议中心,97.1707,31.1428,2026-02-04T0300,8,12,0.2,4,5,44,,14,
昌吉回族自治州,新区政务中心,87.2722,44.0298,2026-02-04T0300,142,211,1.8,45,8,39,,189,细颗粒物(PM2.5)
昌吉回族自治州,亚心广场,87.3069,44.0093,2026-02-04T0300,174,224,1.6,24,8,57,,224,细颗粒物(PM2.5)
昌吉回族自治州,财政所,87.2057,43.9289,2026-02-04T0300,100,146,1.1,16,5,76,,132,细颗粒物(PM2.5)
长春市,客车厂,125.2874,43.9024,2026-02-04T0300,91,,1.1,38,13,48,,120,细颗粒物(PM2.5)
长春市,邮电学院,125.2943,43.8508,2026-02-04T0300,87,97,1.3,34,14,52,,115,细颗粒物(PM2.5)
长春市,劳动公园,125.3648,43.8745,2026-02-04T0300,92,132,1.4,42,7,28,,122,细颗粒物(PM2.5)
长春市,园林处,125.3233,43.8781,2026-02-04T0300,95,,1.2,33,19,49,,125,细颗粒物(PM2.5)
长春市,净月潭,125.4604,43.7904,2026-02-04T0300,69,81,0.9,22,7,62,,93,细颗粒物(PM2.5)
长春市,经开区环卫处,125.38,43.8422,2026-02-04T0300,79,87,1.2,79,6,5,,105,细颗粒物(PM2.5)
长春市,高新区管委会,125.234,43.7761,2026-02-04T0300,92,94,1.4,70,8,9,,122,细颗粒物(PM2.5)
长春市,岱山公园,125.1695,43.83,2026-02-04T0300,84,,0.9,52,9,34,,112,细颗粒物(PM2.5)
长春市,北亚泰大街1068号,125.334645,43.916281,2026-02-04T0300,93,93,1.0,38,13,40,,123,细颗粒物(PM2.5)
长沙市,经开区环保局,113.082,28.2421,2026-02-04T0300,38,70,0.5,23,5,32,,60,颗粒物(PM10)
长沙市,高开区环保局,112.8873,28.2202,2026-02-04T0300,56,88,1.0,66,5,4,,77,细颗粒物(PM2.5)
长沙市,马坡岭,113.0785,28.2012,2026-02-04T0300,44,74,0.8,41,,17,,,
长沙市,湖南师范大学,112.9448,28.1894,2026-02-04T0300,40,89,0.9,46,4,12,,70,颗粒物(PM10)
长沙市,雨花区环保局,113.0177,28.1322,2026-02-04T0300,43,77,0.7,55,8,7,,64,颗粒物(PM10)
长沙市,伍家岭,112.9795,28.2593,2026-02-04T0300,57,114,0.9,56,5,1,,82,颗粒物(PM10)
长沙市,火车新站,113.002,28.1944,2026-02-04T0300,51,88,1.0,62,5,12,,70,细颗粒物(PM2.5)
长沙市,天心区环保局,112.9846,28.1177,2026-02-04T0300,44,82,0.6,47,,22,,,
长沙市,湖南中医药大学,112.8906,28.1307,2026-02-04T0300,53,113,1.1,68,6,4,,82,颗粒物(PM10)
长治市,清华站,113.1146,36.1547,2026-02-04T0300,58,70,0.8,28,11,52,,79,细颗粒物(PM2.5)
长治市,审计局,113.0887,36.2126,2026-02-04T0300,66,71,0.9,20,,66,,,
长治市,长治八中,113.0845,36.1856,2026-02-04T0300,76,87,1.1,20,14,54,,102,细颗粒物(PM2.5)
长治市,德盛苑,113.1561,36.1912,2026-02-04T0300,56,61,0.7,17,,74,,,
长治市,向阳小学,113.0603,36.0464,2026-02-04T0300,72,101,0.9,25,14,70,,97,细颗粒物(PM2.5)
长治市,屯留一中,112.8788,36.315,2026-02-04T0300,50,62,0.7,24,10,66,,69,细颗粒物(PM2.5)
长治市,英华南巷50号,113.113092,36.199482,2026-02-04T0300,62,77,0.9,19,12,59,,84,细颗粒物(PM2.5)
长治市,学府街1号,113.23666,36.33435,2026-02-04T0300,65,78,1.3,33,12,54,,88,细颗粒物(PM2.5)
常德市,市二中,111.696,28.9725,2026-02-04T0300,108,151,1.3,55,6,7,,142,细颗粒物(PM2.5)
常德市,武陵区永安,111.7152,29.0288,2026-02-04T0300,112,168,1.2,42,,16,,147,细颗粒物(PM2.5)
常德市,鼎城区玉霞,111.6891,28.9881,2026-02-04T0300,104,152,1.3,50,8,2,,137,细颗粒物(PM2.5)
常德市,武陵区长庚,111.6651,29.0526,2026-02-04T0300,114,158,1.1,49,6,11,,149,细颗粒物(PM2.5)
常州市,市监测站,119.9524,31.7586,2026-02-04T0300,38,59,0.4,27,,62,,,
常州市,武进监测站,119.9351,31.703,2026-02-04T0300,33,49,0.2,23,,59,,,
常州市,行政中心,119.9701,31.813,2026-02-04T0300,44,66,0.7,31,10,59,,62,细颗粒物(PM2.5)
常州市,经开区,120.0434,31.7726,2026-02-04T0300,40,73,0.5,27,7,59,,62,颗粒物(PM10)
常州市,钟楼,119.8919,31.7892,2026-02-04T0300,34,58,0.5,21,,65,,,
常州市,武进经发区,119.8595,31.706,2026-02-04T0300,42,51,0.8,24,,62,,,
常州市,金坛城区,119.5812,31.7256,2026-02-04T0300,66,90,0.6,24,8,,,,
常州市,崇义南街5-H号,119.9551,31.863,2026-02-04T0300,47,68,1.1,41,10,51,,65,细颗粒物(PM2.5)
朝阳市,西梁,120.4318,41.588,2026-02-04T0300,87,111,1.2,33,19,63,,115,细颗粒物(PM2.5)
朝阳市,河畔小区,120.452,41.565,2026-02-04T0300,75,85,1.2,26,14,68,,100,细颗粒物(PM2.5)
朝阳市,八里堡,120.4176,41.5648,2026-02-04T0300,92,,1.1,26,14,70,,122,细颗粒物(PM2.5)
潮州市,市政府,116.6179,23.6608,2026-02-04T0300,43,69,0.5,10,4,80,,60,"颗粒物(PM10),细颗粒物(PM2.5)"
潮州市,金山,116.646,23.676,2026-02-04T0300,41,67,0.6,17,4,70,,59,颗粒物(PM10)
郴州市,市职中,113.0116,25.8228,2026-02-04T0300,43,53,0.8,38,,4,,,
郴州市,市审计局,113.0381,25.8074,2026-02-04T0300,42,68,/,45,2,2,,59,"颗粒物(PM10),细颗粒物(PM2.5)"
郴州市,市环保局,113.0348,25.7757,2026-02-04T0300,58,77,0.6,62,8,1,,79,细颗粒物(PM2.5)
郴州市,好美居路49号,113.0138,25.8011,2026-02-04T0300,,,,,,,,,
成都市,金泉两河,103.9727,30.7242,2026-02-04T0300,82,116,1.1,32,3,32,,109,细颗粒物(PM2.5)
成都市,十里店,104.1423,30.6765,2026-02-04T0300,71,111,0.8,36,4,31,,95,细颗粒物(PM2.5)
成都市,三瓦窑,104.0594,30.5765,2026-02-04T0300,69,108,1.1,36,4,41,,93,细颗粒物(PM2.5)
成都市,沙河铺,104.1122,30.6306,2026-02-04T0300,73,113,0.9,40,3,30,,98,细颗粒物(PM2.5)
成都市,大石西路,104.0219,30.6561,2026-02-04T0300,89,112,1.0,29,5,31,,118,细颗粒物(PM2.5)
成都市,龙泉驿区区政府,104.2724,30.559,2026-02-04T0300,74,100,0.9,30,6,17,,99,细颗粒物(PM2.5)
成都市,金博路,104.0028,30.6891,2026-02-04T0300,89,117,1.0,43,6,19,,118,细颗粒物(PM2.5)
成都市,华阳,104.056,30.5228,2026-02-04T0300,70,100,1.1,40,3,30,,94,细颗粒物(PM2.5)
成都市,青石路225号,104.387954,30.746684,2026-02-04T0300,79,113,1.1,45,,3,,105,细颗粒物(PM2.5)
成都市,科学城,104.0788,30.4054,2026-02-04T0300,63,101,1.1,29,6,20,,85,细颗粒物(PM2.5)
成都市,光华大道三段,103.8505,30.6946,2026-02-04T0300,79,99,0.9,26,3,,,105,细颗粒物(PM2.5)
成都市,八角井街185号,104.3257,30.6406,2026-02-04T0300,78,112,0.8,38,4,7,,104,细颗粒物(PM2.5)
成都市,鲸龙路1057号,104.2433276,30.53529463,2026-02-04T0300,66,99,0.9,35,6,22,,89,细颗粒物(PM2.5)
承德市,铁路,117.9531,40.908,2026-02-04T0300,71,90,1.3,42,5,7,,95,细颗粒物(PM2.5)
承德市,中国银行,117.9397,40.9763,2026-02-04T0300,66,77,1.4,47,3,5,,89,细颗粒物(PM2.5)
承德市,杏林街1号,117.9462,40.95,2026-02-04T0300,63,84,1.4,47,7,5,,85,细颗粒物(PM2.5)
承德市,滨河大街98号,117.7994,40.9605,2026-02-04T0300,45,56,0.9,42,6,10,,63,细颗粒物(PM2.5)
池州市,池州学院,117.4698,30.6617,2026-02-04T0300,46,66,1.3,44,5,9,,64,细颗粒物(PM2.5)
池州市,展览馆,117.4918,30.6617,2026-02-04T0300,49,79,1.1,44,2,2,,68,细颗粒物(PM2.5)
池州市,第八中学,117.5626,30.695,2026-02-04T0300,41,79,1.1,39,4,10,,65,颗粒物(PM10)
池州市,第十二中学,117.5037,30.6242,2026-02-04T0300,41,65,1.4,37,3,14,,58,"颗粒物(PM10),细颗粒物(PM2.5)"
赤峰市,松山一中,118.9229,42.2816,2026-02-04T0300,18,48,1.0,44,7,16,,48,
赤峰市,哈达街,118.9588,42.2733,2026-02-04T0300,20,54,1.0,,17,41,,,
赤峰市,天义路,118.8792,42.2551,2026-02-04T0300,33,,1.0,58,12,10,,48,
赤峰市,银河街,119.2656,42.0356,2026-02-04T0300,36,67,1.2,25,18,29,,59,颗粒物(PM10)
赤峰市,桥北物流园区,118.9359,42.3146,2026-02-04T0300,32,51,1.2,39,4,,,,
崇左市,市环保局江州分局,107.3473,22.4137,2026-02-04T0300,74,81,1.0,29,4,10,,99,细颗粒物(PM2.5)
崇左市,石景林东路7号,107.375,22.3736,2026-02-04T0300,100,106,1.0,34,8,9,,132,细颗粒物(PM2.5)
滁州市,市政府原办公楼,118.31131,32.3033,2026-02-04T0300,89,93,0.6,43,4,,,118,细颗粒物(PM2.5)
滁州市,图书馆,118.3268,32.2633,2026-02-04T0300,66,87,0.6,42,7,39,,89,细颗粒物(PM2.5)
大同市,大同市卫生学校,113.3399,40.0586,2026-02-04T0300,27,68,0.9,46,11,28,,59,颗粒物(PM10)
大同市,云冈站,113.1371,40.1122,2026-02-04T0300,29,71,0.8,52,12,7,,61,颗粒物(PM10)
大同市,图书馆,113.1186,40.2556,2026-02-04T0300,26,58,0.7,18,3,38,,54,颗粒物(PM10)
大同市,区一中,113.5931,40.0459,2026-02-04T0300,46,235,1.0,47,19,19,,143,颗粒物(PM10)
大同市,魏都大道141号,113.2798248,40.09972476,2026-02-04T0300,37,68,1.0,57,12,22,,59,颗粒物(PM10)
大兴安岭地区,科技局,124.1068,50.4091,2026-02-04T0300,14,20,0.2,2,4,53,,20,
大兴安岭地区,红旗社区,124.117,50.4279,2026-02-04T0300,17,19,0.2,50,5,22,,25,
丹东市,江湾东路,124.33,40.0625,2026-02-04T0300,49,66,1.1,28,9,47,,68,细颗粒物(PM2.5)
丹东市,临江后街,124.4242,40.1513,2026-02-04T0300,53,69,1.0,30,7,40,,73,细颗粒物(PM2.5)
丹东市,元宝山,124.3935,40.1461,2026-02-04T0300,41,61,0.6,16,8,59,,58,细颗粒物(PM2.5)
丹东市,民主桥,124.3634,40.1093,2026-02-04T0300,49,67,1.3,29,8,35,,68,细颗粒物(PM2.5)
儋州市,第一中学子站,109.5726195,19.51688767,2026-02-04T0300,10,27,0.6,4,4,58,,27,
儋州市,东坡学校子站,109.5567,19.5187,2026-02-04T0300,11,27,0.6,8,3,63,,27,
德宏傣族景颇族自治州,德宏州监测站,98.5611,24.4273,2026-02-04T0300,42,68,1.0,45,6,9,,59,"颗粒物(PM10),细颗粒物(PM2.5)"
德宏傣族景颇族自治州,芒市人民政府综合楼,98.5887,24.4366,2026-02-04T0300,28,44,0.7,9,4,45,,44,
德阳市,东山公园,104.424,31.1209,2026-02-04T0300,75,90,0.9,37,1,24,,100,细颗粒物(PM2.5)
德阳市,西小区,104.3827,31.1318,2026-02-04T0300,79,99,1.2,28,6,19,,105,细颗粒物(PM2.5)
德阳市,耐火材料厂,104.3553,31.1091,2026-02-04T0300,82,88,1.0,29,8,18,,109,细颗粒物(PM2.5)
德阳市,市林业局,104.4144,31.1495,2026-02-04T0300,75,85,0.9,54,4,2,,100,细颗粒物(PM2.5)
德州市,儿童乐园,116.3034,37.4675,2026-02-04T0300,104,156,1.2,36,,56,,137,细颗粒物(PM2.5)
德州市,监理站,116.2992,37.4449,2026-02-04T0300,102,153,1.0,41,15,61,,134,细颗粒物(PM2.5)
德州市,九衢泉纯净水厂,116.2722,37.438,2026-02-04T0300,113,149,0.9,43,8,48,,148,细颗粒物(PM2.5)
德州市,开发区人民医院,116.3693,37.44,2026-02-04T0300,107,149,1.0,24,14,61,,140,细颗粒物(PM2.5)
德州市,陵城艺术中心,116.5687,37.3331,2026-02-04T0300,106,136,1.3,33,13,56,,139,细颗粒物(PM2.5)
德州市,新河东路,116.352738,37.420875,2026-02-04T0300,104,149,1.0,34,13,49,,137,细颗粒物(PM2.5)
迪庆藏族自治州,迪庆州站,99.7054,27.8319,2026-02-04T0300,10,20,0.6,8,5,65,,21,
迪庆藏族自治州,质量技术监督局,99.7122,27.8129,2026-02-04T0300,8,13,0.3,5,4,75,,24,
定西市,将台街,104.6092,35.5962,2026-02-04T0300,51,86,0.9,39,9,16,,70,细颗粒物(PM2.5)
定西市,正龙路62号,104.6159,35.5701,2026-02-04T0300,52,94,1.0,15,5,34,,72,"颗粒物(PM10),细颗粒物(PM2.5)"
东莞市,东城石井,113.7943,23.0132,2026-02-04T0300,37,67,0.6,24,9,98,,59,颗粒物(PM10)
东莞市,南城西平,113.7384,22.9659,2026-02-04T0300,38,60,0.6,37,7,70,,55,颗粒物(PM10)
东莞市,万江金泰,113.7283,23.041,2026-02-04T0300,47,73,0.8,28,4,76,,65,细颗粒物(PM2.5)
东莞市,裕兴路,113.8666,23.1062,2026-02-04T0300,34,76,0.8,21,5,87,,63,颗粒物(PM10)
东莞市,教育路1号,114.0076,22.9739,2026-02-04T0300,37,69,0.6,22,4,95,,60,颗粒物(PM10)
东莞市,长怡路1号,113.7981,22.8124,2026-02-04T0300,30,67,0.8,30,6,69,,59,颗粒物(PM10)
东营市,市环保局,118.6612,37.4313,2026-02-04T0300,126,151,1.2,72,48,12,,166,细颗粒物(PM2.5)
东营市,开发区管委会,118.6903,37.4337,2026-02-04T0300,124,149,0.8,51,23,40,,163,细颗粒物(PM2.5)
东营市,垦利区民丰路,118.5721,37.5654,2026-02-04T0300,105,132,1.0,66,16,30,,138,细颗粒物(PM2.5)
东营市,河口城区,118.5063,37.8606,2026-02-04T0300,126,163,1.3,63,22,29,,166,细颗粒物(PM2.5)
东营市,胜利站,118.4979,37.4623,2026-02-04T0300,96,139,1.2,78,17,17,,127,细颗粒物(PM2.5)
东营市,理想之城,118.5753,37.4405,2026-02-04T0300,102,146,1.1,89,13,2,,134,细颗粒物(PM2.5)
鄂尔多斯市,综合楼,110.0024,39.8127,2026-02-04T0300,22,66,0.4,11,7,86,,58,颗粒物(PM10)
鄂尔多斯市,巴音孟克林场办事处,109.9485,39.8259,2026-02-04T0300,22,75,0.3,9,8,88,,63,颗粒物(PM10)
鄂尔多斯市,康泽苑,109.7734,39.5987,2026-02-04T0300,18,53,0.4,19,3,,,,
鄂尔多斯市,华泰汽车城,109.8121,39.5987,2026-02-04T0300,16,46,0.5,23,6,40,,46,
鄂尔多斯市,奥林花园,109.9734,39.7884,2026-02-04T0300,24,75,0.4,19,8,73,,63,颗粒物(PM10)
鄂州市,市政府,114.894,30.3989,2026-02-04T0300,58,108,1.0,56,6,2,,79,"颗粒物(PM10),细颗粒物(PM2.5)"
鄂州市,赵家坝,114.8986,30.3714,2026-02-04T0300,71,94,1.1,41,9,10,,95,细颗粒物(PM2.5)
鄂州市,精准医疗中心,114.8093,30.4091,2026-02-04T0300,73,112,0.8,65,4,4,,98,细颗粒物(PM2.5)
恩施土家族苗族自治州,湖北民院,109.4978,30.2979,2026-02-04T0300,53,78,0.8,13,6,22,,73,细颗粒物(PM2.5)
恩施土家族苗族自治州,龙凤新区,109.5061,30.3771,2026-02-04T0300,43,67,0.7,7,7,24,,60,细颗粒物(PM2.5)
防城港市,沙万,108.3411,21.6159,2026-02-04T0300,37,62,1.5,29,9,55,,56,颗粒物(PM10)
防城港市,防城档案局,108.3515,21.7733,2026-02-04T0300,43,63,0.9,17,5,39,,60,细颗粒物(PM2.5)
防城港市,大海花园,108.3506,21.6414,2026-02-04T0300,36,41,0.9,21,10,49,,52,细颗粒物(PM2.5)
佛山市,湾梁,113.1293,23.0065,2026-02-04T0300,42,53,/,41,/,39,,59,细颗粒物(PM2.5)
佛山市,华材职中,113.1082,23.0477,2026-02-04T0300,52,61,0.8,36,7,47,,72,细颗粒物(PM2.5)
佛山市,南海气象局,113.1439,23.045,2026-02-04T0300,51,52,/,63,/,18,,70,细颗粒物(PM2.5)
佛山市,顺德苏岗,113.2879,22.8094,2026-02-04T0300,38,44,0.6,37,/,52,,54,细颗粒物(PM2.5)
佛山市,高明孔堂,112.8384,22.8678,2026-02-04T0300,34,45,/,20,/,82,,49,
佛山市,三水监测站,112.8835,23.1584,2026-02-04T0300,60,95,0.7,113,7,2,,82,细颗粒物(PM2.5)
佛山市,三水云东海,112.8668,23.185,2026-02-04T0300,45,59,/,87,/,1,,63,细颗粒物(PM2.5)
佛山市,容桂街道办,113.2568,22.7629,2026-02-04T0300,34,51,/,28,/,63,,51,颗粒物(PM10)
福州市,师大,119.2681,26.0506,2026-02-04T0300,24,38,0.4,16,3,65,,38,
福州市,五四北路,119.2983,26.1028,2026-02-04T0300,20,35,0.5,18,4,60,,35,
福州市,杨桥西路,119.2648,26.0769,2026-02-04T0300,22,34,/,18,4,58,,34,
福州市,九龙,119.5799,26.0937,2026-02-04T0300,20,30,0.5,17,6,65,,30,
福州市,吴航,119.5188,25.9666,2026-02-04T0300,10,24,0.5,18,5,67,,24,
福州市,路通桥巷6号,119.3106,26.0648,2026-02-04T0300,24,41,/,18,/,55,,41,
抚顺市,望花区,123.7974,41.8494,2026-02-04T0300,88,119,2.0,31,43,65,,117,细颗粒物(PM2.5)
抚顺市,顺城区,123.9161,41.8827,2026-02-04T0300,87,93,1.4,77,13,9,,115,细颗粒物(PM2.5)
抚顺市,东洲区,124.0437,41.8615,2026-02-04T0300,74,110,0.7,18,29,72,,99,细颗粒物(PM2.5)
抚顺市,新抚区,123.9246,41.8638,2026-02-04T0300,92,97,1.2,56,8,30,,122,细颗粒物(PM2.5)
抚顺市,大伙房水库,124.0972,41.8961,2026-02-04T0300,69,86,0.8,18,13,79,,93,细颗粒物(PM2.5)
抚顺市,沈抚新城,123.708,41.8386,2026-02-04T0300,86,113,1.6,55,14,52,,114,细颗粒物(PM2.5)
抚州市,市站,116.3544,27.9833,2026-02-04T0300,37,54,1.0,15,13,,,,
抚州市,血防站,116.3562,27.9631,2026-02-04T0300,40,55,1.6,20,30,53,,57,细颗粒物(PM2.5)
抚州市,采茶剧团,116.3561,28.0007,2026-02-04T0300,28,53,1.0,10,5,52,,52,颗粒物(PM10)
抚州市,医学分院,116.3854,27.9648,2026-02-04T0300,34,59,1.0,16,17,,,,
阜新市,工业园区,121.6095,41.9978,2026-02-04T0300,133,188,1.8,63,18,2,,176,细颗粒物(PM2.5)
阜新市,长青街,121.6567,42.0188,2026-02-04T0300,130,146,1.8,71,13,2,,172,细颗粒物(PM2.5)
阜新市,农业园区,121.6672,42.07,2026-02-04T0300,3,24,0.1,11,7,62,,24,
阜新市,玉龙新城,121.6343,42.0455,2026-02-04T0300,109,124,1.7,60,13,6,,143,细颗粒物(PM2.5)
阜阳市,市监测站,115.8276,32.8929,2026-02-04T0300,62,88,0.6,22,,58,,,
阜阳市,开发区,115.8551,32.8606,2026-02-04T0300,60,88,0.5,36,,46,,,
阜阳市,阜阳职业技术学院,115.783962,32.889217,2026-02-04T0300,63,88,0.6,19,7,68,,85,细颗粒物(PM2.5)
阜阳市,市规划展馆,115.79,32.8614,2026-02-04T0300,64,95,0.7,18,7,67,,87,细颗粒物(PM2.5)
阜阳市,枣园社区,115.835101,32.918568,2026-02-04T0300,61,102,0.7,30,,52,,,
甘南藏族自治州,州政府,102.9097,34.9841,2026-02-04T0300,74,96,1.0,22,7,52,,99,细颗粒物(PM2.5)
甘南藏族自治州,甘肃民族师范学院,102.8915,34.9618,2026-02-04T0300,54,100,0.7,31,8,40,,75,颗粒物(PM10)
甘孜藏族自治州,水桥子,101.96,30.048,2026-02-04T0300,10,24,0.8,25,7,26,,24,
甘孜藏族自治州,州环保局,101.9534,29.9976,2026-02-04T0300,6,8,0.4,13,6,47,,15,
赣州市,地委,114.9368,25.8663,2026-02-04T0300,21,92,1.0,31,7,43,,71,颗粒物(PM10)
赣州市,气象台,114.946,25.8483,2026-02-04T0300,33,63,0.5,39,6,,,,
赣州市,市图书馆,114.932,25.8332,2026-02-04T0300,35,61,,50,3,18,,,
赣州市,华坚鞋城,114.8905,25.8472,2026-02-04T0300,30,55,0.6,29,6,46,,53,颗粒物(PM10)
赣州市,赣县区卫计委,115.0094,25.8614,2026-02-04T0300,17,38,0.8,42,7,17,,38,
固原市,监测站,106.2753,36.0057,2026-02-04T0300,46,97,1.3,61,8,4,,74,颗粒物(PM10)
固原市,新区,106.2384,36.0189,2026-02-04T0300,42,86,1.0,44,7,23,,68,颗粒物(PM10)
广安市,市委,106.6307,30.4577,2026-02-04T0300,68,93,0.8,18,6,43,,92,细颗粒物(PM2.5)
广安市,友谊中学,106.6266,30.4662,2026-02-04T0300,56,87,1.0,16,6,51,,77,细颗粒物(PM2.5)
广安市,广电花园,106.6386,30.4551,2026-02-04T0300,72,78,0.8,14,6,38,,97,细颗粒物(PM2.5)
广安市,北辰小学,106.6347,30.4868,2026-02-04T0300,66,83,0.9,12,,47,,,
广元市,老城,105.8211,32.4444,2026-02-04T0300,42,62,1.1,49,8,6,,59,细颗粒物(PM2.5)
广元市,监测站,105.8629,32.429,2026-02-04T0300,51,75,1.2,36,7,7,,70,细颗粒物(PM2.5)
广元市,经开区,105.8047,32.4167,2026-02-04T0300,54,85,1.2,48,4,1,,74,细颗粒物(PM2.5)
广州市,广雅中学,113.2346,23.1423,2026-02-04T0300,42,70,1.0,35,3,46,,60,颗粒物(PM10)
广州市,市五中,113.2611,23.105,2026-02-04T0300,42,70,/,41,7,46,,60,颗粒物(PM10)
广州市,广东商学院,113.3477,23.0916,2026-02-04T0300,45,60,0.7,44,,42,,,
广州市,市八十六中,113.4332,23.105,2026-02-04T0300,29,48,/,60,10,29,,48,
广州市,番禺中学,113.3506,22.9488,2026-02-04T0300,34,94,0.8,34,3,53,,72,颗粒物(PM10)
广州市,花都师范,113.2147,23.3918,2026-02-04T0300,53,106,1.1,123,6,1,,78,颗粒物(PM10)
广州市,市监测站,113.2599,23.1329,2026-02-04T0300,43,76,/,40,2,41,,63,颗粒物(PM10)
广州市,九龙镇镇龙,113.5618,23.3119,2026-02-04T0300,41,77,0.7,47,5,25,,64,颗粒物(PM10)
广州市,麓湖,113.2764,23.1544,2026-02-04T0300,45,72,0.8,44,5,41,,63,细颗粒物(PM2.5)
广州市,体育西,113.3209,23.1323,2026-02-04T0300,40,70,0.8,33,,49,,,
广州市,从化街口,113.5718,23.5493,2026-02-04T0300,42,69,0.8,64,6,0,,60,颗粒物(PM10)
广州市,白云竹料,113.3463,23.369,2026-02-04T0300,46,90,0.7,89,4,5,,70,颗粒物(PM10)
广州市,白云嘉禾,113.2981,23.2365,2026-02-04T0300,55,96,/,88,6,0,,75,细颗粒物(PM2.5)
广州市,黄埔科学城,113.4256,23.1716,2026-02-04T0300,53,84,0.7,52,3,31,,73,细颗粒物(PM2.5)
广州市,番禺大学城,113.3942,23.0485,2026-02-04T0300,46,98,0.6,37,8,60,,74,颗粒物(PM10)
广州市,南沙黄阁,113.4923,22.8169,2026-02-04T0300,30,57,/,26,4,68,,54,颗粒物(PM10)
广州市,南沙街,113.534,22.7893,2026-02-04T0300,26,51,0.6,20,4,88,,51,颗粒物(PM10)
广州市,花都梯面,113.2905,23.5541,2026-02-04T0300,29,52,/,47,5,0,,51,颗粒物(PM10)
广州市,从化良口,113.786,23.7479,2026-02-04T0300,19,29,/,18,7,40,,29,
广州市,增城荔城,113.805,23.2614,2026-02-04T0300,53,93,0.6,42,7,56,,73,细颗粒物(PM2.5)
贵港市,江南子站,109.604387,23.066791,2026-02-04T0300,100,156,1.2,82,6,4,,132,细颗粒物(PM2.5)
贵港市,荷城子站,109.5669,23.1065,2026-02-04T0300,69,124,1.5,86,6,5,,93,细颗粒物(PM2.5)
贵港市,新世纪学校,109.5886,23.1172,2026-02-04T0300,76,97,0.9,54,/,36,,102,细颗粒物(PM2.5)
贵港市,中山路155-3号,109.5933,23.095,2026-02-04T0300,111,130,1.3,79,/,8,,145,细颗粒物(PM2.5)
贵阳市,马鞍山,106.6863,26.6035,2026-02-04T0300,16,22,/,17,4,11,,23,
贵阳市,鉴湖路,106.6241,26.6266,2026-02-04T0300,6,17,0.7,22,2,33,,17,
贵阳市,燕子冲,106.7468,26.6344,2026-02-04T0300,17,22,0.7,13,8,20,,25,
贵阳市,碧云窝,106.6556,26.4362,2026-02-04T0300,8,19,/,13,12,41,,19,
贵阳市,红边门,106.6963,26.6063,2026-02-04T0300,20,,/,22,9,13,,29,
贵阳市,新华路,106.7162383,26.56964667,2026-02-04T0300,21,27,0.8,28,6,12,,30,
贵阳市,太慈桥,106.6742,26.542,2026-02-04T0300,22,24,/,35,5,13,,32,
贵阳市,花果园大街66号,106.688212,26.56952,2026-02-04T0300,23,,/,30,1,4,,33,
贵阳市,漓江路57号,106.687268,26.516892,2026-02-04T0300,23,24,0.9,39,6,0,,33,
桂林市,龙隐路小学,110.3091,25.2705,2026-02-04T0300,81,105,1.0,51,6,2,,108,细颗粒物(PM2.5)
桂林市,八中,110.2849361,25.22909545,2026-02-04T0300,62,128,1.2,44,7,4,,89,颗粒物(PM10)
桂林市,旅游学院,110.296,25.1254,2026-02-04T0300,74,81,0.6,18,6,26,,99,细颗粒物(PM2.5)
桂林市,环湖路276号,110.1835,25.2444,2026-02-04T0300,72,110,1.4,57,13,4,,97,细颗粒物(PM2.5)
桂林市,信义路13号,110.2803,25.2773,2026-02-04T0300,58,88,1.5,56,13,3,,79,细颗粒物(PM2.5)
果洛藏族自治州,玛沁县大武镇,100.2262,34.4854,2026-02-04T0300,16,43,0.2,6,15,31,,43,
哈尔滨市,松北商大,126.5557,45.8109,2026-02-04T0300,97,97,1.1,56,6,21,,128,细颗粒物(PM2.5)
哈尔滨市,南岗学府路,126.6162,45.719,2026-02-04T0300,74,97,1.2,47,10,22,,99,细颗粒物(PM2.5)
哈尔滨市,太平宏伟公园,126.6894,45.7733,2026-02-04T0300,117,136,1.3,99,11,13,,153,细颗粒物(PM2.5)
哈尔滨市,道外承德广场,126.6361,45.7672,2026-02-04T0300,104,167,1.0,76,15,8,,137,细颗粒物(PM2.5)
哈尔滨市,动力和平路,126.644,45.7261,2026-02-04T0300,76,86,1.3,47,12,,,102,细颗粒物(PM2.5)
哈尔滨市,道里建国路,126.5933,45.7479,2026-02-04T0300,99,,0.9,73,32,10,,130,细颗粒物(PM2.5)
哈尔滨市,平房东轻厂,126.6127,45.6119,2026-02-04T0300,,,,,,,70,,
哈尔滨市,呼兰师专,126.5875,45.9827,2026-02-04T0300,95,104,1.6,45,13,27,,125,细颗粒物(PM2.5)
哈尔滨市,省农科院,126.6299,45.6799,2026-02-04T0300,76,104,1.1,54,18,18,,102,细颗粒物(PM2.5)
哈尔滨市,华山路1号,126.6769,45.7379,2026-02-04T0300,73,92,1.4,59,14,19,,98,细颗粒物(PM2.5)
哈尔滨市,解放大街52号,126.9717,45.5356,2026-02-04T0300,108,133,1.8,56,21,,,142,细颗粒物(PM2.5)
哈密市,地区监测站,93.5124,42.8176,2026-02-04T0300,47,81,1.6,46,8,8,,66,颗粒物(PM10)
哈密市,哈密师范学校,93.5014,42.8312,2026-02-04T0300,32,66,1.0,60,8,3,,58,颗粒物(PM10)
海北藏族自治州,海晏县西海镇,100.9016,36.9464,2026-02-04T0300,6,28,0.4,3,6,49,,28,
海东市,平安区公安局北苑,102.074,36.5056,2026-02-04T0300,68,100,1.7,9,13,66,,92,细颗粒物(PM2.5)
海东市,滨河路,102.0984,36.5119,2026-02-04T0300,58,102,0.9,21,12,74,,79,细颗粒物(PM2.5)
海口市,海南大学,110.3189,20.0596,2026-02-04T0300,18,41,0.4,6,6,87,,41,
海口市,秀英海南医院,110.2827,20.0051,2026-02-04T0300,18,43,0.4,9,7,82,,43,
海口市,海南师范大学,110.3391,19.9979,2026-02-04T0300,18,40,0.6,8,6,79,,40,
海口市,龙华路环保局宿舍,110.3303,20.0359,2026-02-04T0300,16,44,0.8,6,/,92,,44,
海口市,桂林洋子站,110.5111,19.9737,2026-02-04T0300,20,43,/,6,/,80,,43,
海口市,长滨二路9号,110.1952,20.0451,2026-02-04T0300,19,38,/,8,/,84,,38,
海南藏族自治州,共和县恰卜恰镇,100.6158,36.2985,2026-02-04T0300,20,30,0.6,24,12,27,,30,
海西蒙古族藏族自治州,德令哈市,97.373,37.376,2026-02-04T0300,11,32,0.5,4,13,81,,32,
邯郸市,矿院,114.492,36.5712,2026-02-04T0300,98,107,0.7,32,2,24,,129,细颗粒物(PM2.5)
邯郸市,丛台公园,114.4839,36.6136,2026-02-04T0300,98,125,0.7,36,6,35,,129,细颗粒物(PM2.5)
邯郸市,香泉濮院小区,114.7893,36.5592,2026-02-04T0300,97,126,0.7,21,4,48,,128,细颗粒物(PM2.5)
邯郸市,峰峰矿区临水派出所,114.1998,36.4439,2026-02-04T0300,69,87,1.2,14,11,67,,93,细颗粒物(PM2.5)
邯郸市,建安街268号,114.5209,36.7697,2026-02-04T0300,135,155,1.3,72,6,3,,179,细颗粒物(PM2.5)
邯郸市,丛台东路558号,114.5488,36.6177,2026-02-04T0300,111,126,0.8,48,2,14,,145,细颗粒物(PM2.5)
汉中市,市监测站,107.0155,33.0707,2026-02-04T0300,99,131,1.5,39,6,13,,130,细颗粒物(PM2.5)
汉中市,鑫源开发区,107.0083,33.114,2026-02-04T0300,71,104,1.1,54,,10,,,
汉中市,南郑大河坎水厂,107.0072,33.0323,2026-02-04T0300,85,131,1.2,31,6,13,,113,细颗粒物(PM2.5)
杭州市,滨江,120.2073,30.2111,2026-02-04T0300,87,120,0.8,48,,30,,115,细颗粒物(PM2.5)
杭州市,西溪,120.0625,30.2737,2026-02-04T0300,75,94,0.7,52,,13,,,
杭州市,下沙,120.3417,30.315,2026-02-04T0300,66,88,0.3,57,9,26,,89,细颗粒物(PM2.5)
杭州市,卧龙桥,120.1252,30.2465,2026-02-04T0300,66,84,0.4,26,9,17,,89,细颗粒物(PM2.5)
杭州市,浙江农大,120.1902,30.2691,2026-02-04T0300,83,119,0.7,49,,38,,110,细颗粒物(PM2.5)
杭州市,和睦小学,120.1195,30.3121,2026-02-04T0300,83,119,0.7,34,7,43,,110,细颗粒物(PM2.5)
杭州市,临平镇,120.3076,30.4146,2026-02-04T0300,56,74,0.6,54,7,18,,77,细颗粒物(PM2.5)
杭州市,城厢镇,120.2753,30.1839,2026-02-04T0300,84,113,0.6,54,9,27,,112,细颗粒物(PM2.5)
杭州市,云栖,120.0883,30.1808,2026-02-04T0300,55,86,0.8,30,3,18,,75,细颗粒物(PM2.5)
杭州市,镇二中,119.9463,30.0496,2026-02-04T0300,76,84,0.8,67,5,8,,102,细颗粒物(PM2.5)
杭州市,市府大楼,119.7184,30.2367,2026-02-04T0300,91,104,0.9,35,,31,,120,细颗粒物(PM2.5)
杭州市,消防大队,120.1554,30.2863,2026-02-04T0300,85,112,0.6,35,7,39,,113,细颗粒物(PM2.5)
合肥市,明珠广场,117.1957,31.7845,2026-02-04T0300,70,97,0.7,38,6,36,,94,细颗粒物(PM2.5)
合肥市,三里街,117.307,31.8765,2026-02-04T0300,81,110,0.8,57,6,27,,108,细颗粒物(PM2.5)
合肥市,琥珀山庄,117.2587,31.8703,2026-02-04T0300,78,100,0.9,42,6,39,,104,细颗粒物(PM2.5)
合肥市,庐阳区,117.2593,31.9376,2026-02-04T0300,74,105,0.9,46,4,46,,99,细颗粒物(PM2.5)
合肥市,瑶海区,117.345251,31.861615,2026-02-04T0300,77,114,0.6,44,5,48,,103,细颗粒物(PM2.5)
合肥市,包河区,117.3033,31.7967,2026-02-04T0300,70,102,0.9,32,8,55,,94,细颗粒物(PM2.5)
合肥市,滨湖新区,117.278,31.7392,2026-02-04T0300,62,97,0.8,30,4,46,,84,细颗粒物(PM2.5)
合肥市,高新区,117.1324,31.8395,2026-02-04T0300,76,100,0.9,38,5,47,,102,细颗粒物(PM2.5)
合肥市,高教基地,117.3802,31.9148,2026-02-04T0300,76,110,0.8,35,7,49,,102,细颗粒物(PM2.5)
合肥市,中国科学技术大学,117.2518,31.8404,2026-02-04T0300,67,92,0.9,40,9,43,,90,细颗粒物(PM2.5)
和田地区,地区环保局,79.9241,37.0878,2026-02-04T0300,80,368,0.9,22,4,40,,226,颗粒物(PM10)
和田地区,市环保局,79.9132,37.1137,2026-02-04T0300,79,400,0.3,25,2,44,,272,颗粒物(PM10)
河池市,市环保站,108.0496,24.6957,2026-02-04T0300,57,76,1.0,33,8,112,,78,细颗粒物(PM2.5)
河池市,上任中路54号,108.0901,24.6945,2026-02-04T0300,58,84,1.1,25,7,24,,79,细颗粒物(PM2.5)
河源市,东埔,114.6962,23.7538,2026-02-04T0300,45,69,0.6,30,7,74,,63,细颗粒物(PM2.5)
河源市,老城,114.6895,23.7232,2026-02-04T0300,41,54,0.6,16,8,100,,58,细颗粒物(PM2.5)
菏泽市,定陶老年大学,115.5562,35.089,2026-02-04T0300,72,97,0.5,20,4,,,,
菏泽市,黄河路600号,115.4239,35.2593,2026-02-04T0300,86,121,0.6,27,6,53,,114,细颗粒物(PM2.5)
菏泽市,菏泽市人社局,115.5025,35.2727,2026-02-04T0300,80,122,0.7,24,10,57,,107,细颗粒物(PM2.5)
菏泽市,永昌路1号,115.479691,35.244011,2026-02-04T0300,77,111,0.7,28,5,56,,103,细颗粒物(PM2.5)
菏泽市,长城路999号,115.471542,35.280012,2026-02-04T0300,75,121,0.8,27,5,53,,100,细颗粒物(PM2.5)
贺州市,环保小区,111.5264,24.4178,2026-02-04T0300,42,63,0.7,39,3,14,,59,细颗粒物(PM2.5)
贺州市,政协大楼,111.561,24.4074,2026-02-04T0300,40,62,0.9,53,11,1,,57,细颗粒物(PM2.5)
贺州市,西湾,111.4744,24.455,2026-02-04T0300,44,81,0.9,48,7,13,,66,颗粒物(PM10)
鹤壁市,市监测站,114.17,35.9019,2026-02-04T0300,93,123,1.1,42,4,35,,123,细颗粒物(PM2.5)
鹤壁市,市交警支队,114.2953,35.7512,2026-02-04T0300,100,150,0.8,40,4,52,,132,细颗粒物(PM2.5)
鹤壁市,迎宾馆,114.2877,35.7302,2026-02-04T0300,108,150,0.9,37,7,54,,142,细颗粒物(PM2.5)
鹤壁市,大新区,114.2616,35.6824,2026-02-04T0300,119,144,1.1,51,8,30,,156,细颗粒物(PM2.5)
鹤壁市,南山宾馆,114.1573,35.9607,2026-02-04T0300,86,134,0.9,34,11,50,,114,细颗粒物(PM2.5)
鹤岗市,哈啤分公司,130.2537,47.3416,2026-02-04T0300,24,31,0.5,8,6,76,,35,
鹤岗市,斯达机电,130.2683,47.3087,2026-02-04T0300,24,35,0.5,7,5,80,,35,
鹤岗市,东山纸板厂,130.3114,47.3388,2026-02-04T0300,56,,1.4,44,12,29,,,
黑河市,交通局,127.4832,50.2524,2026-02-04T0300,17,,0.3,6,4,65,,25,
黑河市,环保局,127.5146,50.2339,2026-02-04T0300,10,11,0.4,7,5,70,,22,
衡水市,电机北厂,115.6839,37.754,2026-02-04T0300,94,134,0.6,30,,62,,124,细颗粒物(PM2.5)
衡水市,市监测站,115.6303,37.7318,2026-02-04T0300,101,129,0.8,35,7,45,,133,细颗粒物(PM2.5)
衡水市,市城管局,115.6684,37.7216,2026-02-04T0300,86,134,0.8,32,10,55,,114,细颗粒物(PM2.5)
衡水市,地表水厂,115.599,37.5491,2026-02-04T0300,109,135,0.8,48,8,24,,143,细颗粒物(PM2.5)
衡阳市,衡阳化工总厂,112.6209,26.9268,2026-02-04T0300,54,101,1.0,21,12,44,,76,颗粒物(PM10)
衡阳市,珠晖区环保局,112.621,26.8957,2026-02-04T0300,42,68,1.2,50,,29,,,
衡阳市,市委党校,112.628,26.8654,2026-02-04T0300,42,67,1.3,17,,53,,,
淮安市,楚州区监测站,119.135,33.5038,2026-02-04T0300,72,93,0.8,65,7,5,,97,细颗粒物(PM2.5)
淮安市,新华书店,118.8757,33.2897,2026-02-04T0300,97,128,0.9,65,10,11,,128,细颗粒物(PM2.5)
淮安市,枚皋中路89号,119.119691,33.550006,2026-02-04T0300,72,95,0.8,53,12,18,,97,细颗粒物(PM2.5)
淮安市,承德北路606号,119.028838,33.631911,2026-02-04T0300,78,114,0.8,75,9,8,,104,细颗粒物(PM2.5)
淮北市,监测站,116.8005,33.9749,2026-02-04T0300,77,111,0.8,24,6,67,,103,细颗粒物(PM2.5)
淮北市,烈山区政府,116.8094,33.9008,2026-02-04T0300,82,115,0.6,38,5,53,,109,细颗粒物(PM2.5)
淮北市,市博物馆,116.7926,33.9534,2026-02-04T0300,79,124,0.8,24,6,58,,105,细颗粒物(PM2.5)
淮北市,杜集区第一实验学校,116.8322,33.9884,2026-02-04T0300,86,122,0.6,24,4,62,,114,细颗粒物(PM2.5)
淮南市,潘集区政府,116.8304,32.7726,2026-02-04T0300,72,121,0.6,46,7,37,,97,细颗粒物(PM2.5)
淮南市,谢家集区政府,116.8569,32.5949,2026-02-04T0300,68,110,0.8,40,9,47,,92,细颗粒物(PM2.5)
淮南市,八公山区政府,116.8279,32.6333,2026-02-04T0300,71,100,0.7,25,,63,,,
淮南市,经济技术开发区消防队,117.0561,32.6536,2026-02-04T0300,66,116,0.5,51,5,34,,89,细颗粒物(PM2.5)
淮南市,山南新区,117.011,32.5891,2026-02-04T0300,66,108,0.6,34,8,60,,89,细颗粒物(PM2.5)
淮南市,国庆中路369号,117.003137,32.644456,2026-02-04T0300,70,95,0.7,35,13,40,,94,细颗粒物(PM2.5)
黄冈市,职工中心,114.9021,30.474,2026-02-04T0300,,,,,,,70,,
黄冈市,红卫路,114.8858,30.4519,2026-02-04T0300,61,81,0.7,43,6,23,,83,细颗粒物(PM2.5)
黄冈市,市林业局,114.9134,30.4446,2026-02-04T0300,65,83,0.8,45,4,12,,88,细颗粒物(PM2.5)
黄南藏族自治州,同仁县隆务镇,102.02,35.5101,2026-02-04T0300,58,94,0.7,6,12,86,,79,细颗粒物(PM2.5)
黄山市,延安路89号,118.2905,29.6965,2026-02-04T0300,34,40,0.7,18,4,15,,49,
黄山市,黄山区政府5号楼,118.1369,30.2755,2026-02-04T0300,27,44,0.6,12,2,19,,44,
黄山市,滨江东路7-2号,118.335445,29.720283,2026-02-04T0300,42,57,/,20,/,17,,59,细颗粒物(PM2.5)
黄石市,沈家营,115.0547,30.2332,2026-02-04T0300,54,99,1.2,48,8,9,,75,颗粒物(PM10)
黄石市,铁山,114.899,30.211,2026-02-04T0300,58,66,0.7,16,6,23,,79,细颗粒物(PM2.5)
黄石市,团城山,115.0259,30.2108,2026-02-04T0300,69,96,1.2,30,6,,,,
黄石市,笔架山北路,115.0174,30.1591,2026-02-04T0300,73,140,1.2,41,8,7,,98,细颗粒物(PM2.5)
黄石市,磁湖东路29号,115.078022,30.21118,2026-02-04T0300,66,86,1.2,28,7,7,,89,细颗粒物(PM2.5)
惠州市,河南岸金山湖子站,114.4181,23.0528,2026-02-04T0300,38,66,0.7,13,5,88,,58,颗粒物(PM10)
惠州市,下埔横江三路子站,114.4055,23.0824,2026-02-04T0300,37,74,0.5,14,7,99,,62,颗粒物(PM10)
惠州市,惠阳区承修路船湖子站,114.4645,22.7832,2026-02-04T0300,38,68,0.6,14,8,102,,59,颗粒物(PM10)
惠州市,大亚湾管委会子站,114.5316,22.7423,2026-02-04T0300,36,70,0.6,15,7,98,,60,颗粒物(PM10)
惠州市,惠阳秋长,114.4334,22.8134,2026-02-04T0300,32,70,/,20,/,115,,60,颗粒物(PM10)
惠州市,大亚湾霞涌,114.6521,22.7755,2026-02-04T0300,34,73,/,12,/,111,,62,颗粒物(PM10)
惠州市,文华一路1号,114.4089,23.1147,2026-02-04T0300,38,71,/,14,/,103,,61,颗粒物(PM10)
鸡西市,环保局,130.9618,45.2926,2026-02-04T0300,49,70,0.9,43,12,15,,68,细颗粒物(PM2.5)
鸡西市,第一中学,130.9294,45.2959,2026-02-04T0300,42,54,0.6,11,5,74,,59,细颗粒物(PM2.5)
鸡西市,欧美日汽修厂,131.0069,45.2988,2026-02-04T0300,53,109,1.4,46,14,13,,80,颗粒物(PM10)
吉安市,红声器材厂,114.9753,27.0803,2026-02-04T0300,54,64,0.7,20,11,,,,
吉安市,市环境监测站,114.9903,27.1313,2026-02-04T0300,52,62,/,24,7,46,,72,细颗粒物(PM2.5)
吉安市,青原区法院,115.009527,27.096792,2026-02-04T0300,54,62,0.7,21,12,44,,74,细颗粒物(PM2.5)
吉林市,哈达湾,126.54,43.8622,2026-02-04T0300,45,58,1.1,17,10,85,,63,细颗粒物(PM2.5)
吉林市,东局子,126.5843,43.8358,2026-02-04T0300,38,51,1.2,20,7,58,,54,细颗粒物(PM2.5)
吉林市,电力学院,126.5051,43.8243,2026-02-04T0300,80,96,1.9,58,8,14,,107,细颗粒物(PM2.5)
吉林市,江北,126.6133,43.8971,2026-02-04T0300,45,61,0.9,22,10,60,,63,细颗粒物(PM2.5)
吉林市,江南公园,126.5549,43.8304,2026-02-04T0300,37,46,0.6,15,9,69,,53,细颗粒物(PM2.5)
吉林市,九站,126.4737,43.953,2026-02-04T0300,54,68,1.0,63,9,21,,74,细颗粒物(PM2.5)
济南市,科干所,116.9866,36.6118,2026-02-04T0300,59,95,0.6,9,7,94,,80,细颗粒物(PM2.5)
济南市,农科所,116.9379,36.6652,2026-02-04T0300,80,103,0.7,18,8,85,,107,细颗粒物(PM2.5)
济南市,开发区,117.1265,36.6736,2026-02-04T0300,63,83,0.6,18,4,108,,85,细颗粒物(PM2.5)
济南市,省种子仓库,117.0616,36.6865,2026-02-04T0300,63,92,0.6,16,6,98,,85,细颗粒物(PM2.5)
济南市,机床二厂,116.9495185,36.644937,2026-02-04T0300,72,107,0.3,16,9,86,,97,细颗粒物(PM2.5)
济南市,市监测站,117.0496,36.6629,2026-02-04T0300,65,93,0.7,13,5,97,,88,细颗粒物(PM2.5)
济南市,长清党校,116.7674,36.5458,2026-02-04T0300,74,112,0.9,32,8,77,,99,细颗粒物(PM2.5)
济南市,东山小学,117.5323,36.6865,2026-02-04T0300,80,127,0.6,24,,89,,107,细颗粒物(PM2.5)
济南市,泰兴公司,117.7181,36.205,2026-02-04T0300,114,144,1.4,74,7,8,,149,细颗粒物(PM2.5)
济南市,莱芜战役纪念馆,117.6861,36.2172,2026-02-04T0300,100,139,1.0,36,12,66,,132,细颗粒物(PM2.5)
济南市,济阳区政府,117.1673,36.9782,2026-02-04T0300,109,139,0.9,46,10,46,,143,细颗粒物(PM2.5)
济南市,锦屏中学,117.1168,36.6299,2026-02-04T0300,60,83,0.4,15,5,98,,82,细颗粒物(PM2.5)
济南市,山财大街5号,117.7107,36.2385,2026-02-04T0300,100,129,1.2,49,13,57,,132,细颗粒物(PM2.5)
济南市,无影山路12号,116.9744,36.6889,2026-02-04T0300,73,100,0.9,12,8,82,,98,细颗粒物(PM2.5)
济宁市,火炬城,116.6229,35.4288,2026-02-04T0300,88,111,0.8,22,4,57,,117,细颗粒物(PM2.5)
济宁市,北湖一中,116.5808,35.3703,2026-02-04T0300,84,107,0.8,22,5,59,,112,细颗粒物(PM2.5)
济宁市,服务中心,116.8251,35.5592,2026-02-04T0300,104,156,0.9,22,4,55,,137,细颗粒物(PM2.5)
济宁市,市第七中学,116.5907,35.4054,2026-02-04T0300,84,104,0.7,25,10,62,,112,细颗粒物(PM2.5)
济宁市,任和路,116.6075,35.4566,2026-02-04T0300,83,136,0.7,23,6,62,,110,细颗粒物(PM2.5)
济宁市,文体南路1号,116.5648,35.3921,2026-02-04T0300,85,122,0.6,23,4,62,,113,细颗粒物(PM2.5)
佳木斯市,佳纺,130.2749,46.8028,2026-02-04T0300,31,42,0.5,12,5,60,,45,
佳木斯市,环保局,130.3258,46.7975,2026-02-04T0300,22,35,0.4,26,7,48,,35,
佳木斯市,顺和街,130.363,46.806,2026-02-04T0300,32,39,0.7,17,10,,,,
佳木斯市,长安路196号,130.3952,46.8268,2026-02-04T0300,28,38,0.7,20,9,63,,40,
嘉兴市,清河小学,120.7439,30.778,2026-02-04T0300,30,49,0.1,29,,54,,,
嘉兴市,嘉兴学院,120.7261,30.7477,2026-02-04T0300,28,50,0.6,25,5,58,,50,
嘉兴市,南湖区残联,120.7845,30.7524,2026-02-04T0300,29,42,0.3,21,6,72,,42,
嘉兴市,秀洲住建,120.6915,30.7741,2026-02-04T0300,28,50,0.4,24,6,68,,50,
嘉峪关市,气象局,98.291,39.7705,2026-02-04T0300,38,136,0.3,5,8,79,,93,颗粒物(PM10)
嘉峪关市,酒钢宾馆,98.2672,39.7978,2026-02-04T0300,43,141,0.5,6,9,74,,96,颗粒物(PM10)
嘉峪关市,雄关区,98.2644,39.7723,2026-02-04T0300,38,114,0.5,26,13,71,,82,颗粒物(PM10)
江门市,北街,113.1063,22.6058,2026-02-04T0300,32,48,/,18,/,72,,48,
江门市,西区,113.073,22.5835,2026-02-04T0300,33,54,/,18,/,87,,52,颗粒物(PM10)
江门市,圭峰西,113.0218,22.531,2026-02-04T0300,28,48,/,20,/,78,,48,
江门市,东湖,113.0826,22.5947,2026-02-04T0300,33,48,0.5,17,9,83,,48,
江门市,江海富民,113.1077,22.5647,2026-02-04T0300,29,62,0.5,21,/,83,,56,颗粒物(PM10)
江门市,新会银湖,113.0496,22.4669,2026-02-04T0300,33,48,0.6,23,8,53,,48,
焦作市,马村街道办,113.3137,35.2643,2026-02-04T0300,72,133,1.1,24,11,67,,97,细颗粒物(PM2.5)
焦作市,焦作技师学院,113.2464,35.2374,2026-02-04T0300,89,137,1.1,27,14,62,,118,细颗粒物(PM2.5)
焦作市,中站许衡医院,113.1656,35.2536,2026-02-04T0300,70,91,0.8,18,8,76,,94,细颗粒物(PM2.5)
焦作市,原李万街道办,113.2456,35.18,2026-02-04T0300,105,142,1.2,32,24,,,138,细颗粒物(PM2.5)
焦作市,新安路1731号,113.234,35.219,2026-02-04T0300,86,135,0.8,22,15,,,114,细颗粒物(PM2.5)
焦作市,人民路3066号,113.2722,35.2121,2026-02-04T0300,94,128,1.1,22,14,66,,124,细颗粒物(PM2.5)
揭阳市,新兴,116.3701,23.5345,2026-02-04T0300,29,55,0.6,17,8,77,,53,颗粒物(PM10)
揭阳市,西马,116.3261,23.5442,2026-02-04T0300,34,61,0.6,15,6,77,,56,颗粒物(PM10)
揭阳市,东兴,116.361,23.5627,2026-02-04T0300,29,51,/,15,9,76,,51,颗粒物(PM10)
揭阳市,渔湖,116.4151,23.5295,2026-02-04T0300,26,53,/,15,6,82,,52,颗粒物(PM10)
揭阳市,曲溪,116.4028,23.5699,2026-02-04T0300,32,58,0.6,12,2,89,,54,颗粒物(PM10)
金昌市,天庆家园,102.1691,38.5166,2026-02-04T0300,27,88,0.9,16,26,50,,69,颗粒物(PM10)
金昌市,金川区人防中心,102.1648,38.5369,2026-02-04T0300,36,116,0.6,16,101,50,,83,颗粒物(PM10)
金昌市,长春路96号,102.193042,38.531887,2026-02-04T0300,40,116,1.1,22,40,38,,83,颗粒物(PM10)
金华市,十五中,119.6478,29.0773,2026-02-04T0300,67,112,0.7,90,3,6,,90,细颗粒物(PM2.5)
金华市,监测站,119.6859,29.1032,2026-02-04T0300,72,112,0.6,97,3,1,,97,细颗粒物(PM2.5)
金华市,气象局,119.656,29.1132,2026-02-04T0300,66,96,0.8,87,5,13,,89,细颗粒物(PM2.5)
锦州市,南山,121.1114,41.0879,2026-02-04T0300,128,146,1.7,96,26,2,,169,细颗粒物(PM2.5)
锦州市,开发区,121.060361,40.842794,2026-02-04T0300,139,173,1.5,74,14,10,,185,细颗粒物(PM2.5)
锦州市,百股街道,121.1836,41.1118,2026-02-04T0300,146,151,1.8,83,38,4,,195,细颗粒物(PM2.5)
锦州市,天安街道,121.1176,41.1224,2026-02-04T0300,133,161,,78,26,5,,176,细颗粒物(PM2.5)
锦州市,北湖公园,121.1303,41.1385,2026-02-04T0300,129,158,1.4,76,26,4,,170,细颗粒物(PM2.5)
晋城市,自来水公司,112.8496,35.5051,2026-02-04T0300,84,148,1.3,66,8,20,,112,细颗粒物(PM2.5)
晋城市,市环保局,112.8509,35.4886,2026-02-04T0300,87,119,0.9,64,6,8,,115,细颗粒物(PM2.5)
晋城市,泽州一中,112.8258,35.4804,2026-02-04T0300,82,118,1.2,37,4,30,,109,细颗粒物(PM2.5)
晋城市,前书院路,112.8246,35.5152,2026-02-04T0300,74,144,0.9,31,5,38,,99,细颗粒物(PM2.5)
晋城市,祥云街666号,112.8864,35.4773,2026-02-04T0300,87,119,0.9,38,10,50,,115,细颗粒物(PM2.5)
晋中市,榆次区政府,112.6992,37.6984,2026-02-04T0300,66,117,1.5,68,26,10,,89,细颗粒物(PM2.5)
晋中市,榆次三中,112.7195,37.683,2026-02-04T0300,67,112,0.9,75,29,2,,90,细颗粒物(PM2.5)
晋中市,广安街188号,112.7375,37.7215,2026-02-04T0300,72,127,1.0,70,12,,,,
晋中市,迎宾街26号,112.7478,37.6954,2026-02-04T0300,60,110,1.0,63,26,7,,82,细颗粒物(PM2.5)
荆门市,竹园小学,112.2012,31.048,2026-02-04T0300,107,141,0.8,,3,40,,140,细颗粒物(PM2.5)
荆门市,掇刀,112.1968,30.9892,2026-02-04T0300,109,151,1.2,,4,3,,143,细颗粒物(PM2.5)
荆门市,西山林语,112.1849,31.0361,2026-02-04T0300,77,116,,22,2,41,,103,细颗粒物(PM2.5)
荆门市,龙泉中学南校,112.1631,31.0134,2026-02-04T0300,93,141,0.2,,14,60,,123,细颗粒物(PM2.5)
荆门市,新台西路6号,112.2213,31.0654,2026-02-04T0300,123,168,2.2,62,9,6,,162,细颗粒物(PM2.5)
荆州市,市图书馆,112.2493,30.3198,2026-02-04T0300,88,108,,56,7,5,,117,细颗粒物(PM2.5)
荆州市,市委党校,112.2009,30.3543,2026-02-04T0300,101,127,1.5,47,8,0,,133,细颗粒物(PM2.5)
荆州市,管委会,112.2749,30.3124,2026-02-04T0300,85,117,,57,7,1,,113,细颗粒物(PM2.5)
荆州市,学苑路85号,112.1722,30.3366,2026-02-04T0300,102,115,1.0,43,12,4,,134,细颗粒物(PM2.5)
景德镇市,老干部活动中心,117.2114,29.2931,2026-02-04T0300,22,34,0.6,21,3,11,,34,
景德镇市,兽医站,117.1893,29.2789,2026-02-04T0300,24,59,0.5,31,5,4,,55,颗粒物(PM10)
景德镇市,陶研所,117.246,29.2958,2026-02-04T0300,24,33,0.6,22,3,4,,35,
景德镇市,青少年活动中心,117.154766,29.256967,2026-02-04T0300,26,48,/,35,4,2,,48,
九江市,十里,115.9873,29.6816,2026-02-04T0300,60,85,1.2,58,7,5,,82,细颗粒物(PM2.5)
九江市,茅山头,115.9583,29.7047,2026-02-04T0300,48,78,0.8,66,4,,,,
九江市,西园,115.9877,29.7295,2026-02-04T0300,47,75,0.8,71,7,12,,65,细颗粒物(PM2.5)
九江市,综合工业园,115.9112,29.6038,2026-02-04T0300,42,67,0.4,56,3,7,,59,"颗粒物(PM10),细颗粒物(PM2.5)"
九江市,外国语学校,116.0254,29.6995,2026-02-04T0300,44,57,0.9,60,6,14,,62,细颗粒物(PM2.5)
九江市,莲花大道8号,116.010205,29.659402,2026-02-04T0300,34,54,0.5,12,2,,,,
酒泉市,玉门东路5号,98.495752,39.733935,2026-02-04T0300,36,107,0.3,8,10,56,,79,颗粒物(PM10)
酒泉市,北大街108号,98.5099,39.7506,2026-02-04T0300,36,97,0.5,14,10,38,,74,颗粒物(PM10)
喀什地区,巡警大队,76.0071,39.466,2026-02-04T0300,148,317,3.7,78,11,1,,198,细颗粒物(PM2.5)
喀什地区,吾办,75.9756,39.4693,2026-02-04T0300,154,280,4.0,89,13,4,,204,细颗粒物(PM2.5)
喀什地区,老干局,75.9485,39.4688,2026-02-04T0300,163,358,4.7,82,11,1,,213,细颗粒物(PM2.5)
开封市,肿瘤医院,114.3389,34.778,2026-02-04T0300,95,120,0.9,36,8,36,,125,细颗粒物(PM2.5)
开封市,世纪星幼儿园,114.2884,34.7966,2026-02-04T0300,98,127,0.9,41,,29,,129,细颗粒物(PM2.5)
开封市,龙亭公园,114.3434,34.8101,2026-02-04T0300,92,106,0.7,41,9,36,,122,细颗粒物(PM2.5)
开封市,汴京公园,114.3645,34.7955,2026-02-04T0300,90,109,0.7,33,4,37,,119,细颗粒物(PM2.5)
开封市,技师学院,114.2485,34.8306,2026-02-04T0300,99,113,1.1,44,8,31,,130,细颗粒物(PM2.5)
开封市,祥符区生态环境局,114.4518,34.7503,2026-02-04T0300,102,144,0.9,41,4,27,,134,细颗粒物(PM2.5)
克拉玛依市,长征新村,84.886,45.6029,2026-02-04T0300,111,145,1.5,44,6,42,,145,细颗粒物(PM2.5)
克拉玛依市,南林小区,84.8894,45.5827,2026-02-04T0300,122,149,1.5,26,2,24,,160,细颗粒物(PM2.5)
克拉玛依市,独山子区,84.896,44.3328,2026-02-04T0300,127,182,1.1,10,2,98,,168,细颗粒物(PM2.5)
克拉玛依市,乌尔禾区商贸楼,85.6888,46.0909,2026-02-04T0300,120,152,1.7,38,10,39,,158,细颗粒物(PM2.5)
克拉玛依市,白碱滩区新站,85.1045,45.6895,2026-02-04T0300,137,146,1.4,34,9,41,,182,细颗粒物(PM2.5)
克孜勒苏柯尔克孜自治州,市人民政府,76.1457,39.7143,2026-02-04T0300,67,207,0.3,9,4,62,,129,颗粒物(PM10)
克孜勒苏柯尔克孜自治州,克州文化中心,76.1654,39.7157,2026-02-04T0300,72,175,0.5,4,4,70,,113,颗粒物(PM10)
昆明市,呈贡新区,102.8203,24.889,2026-02-04T0300,29,36,0.5,19,4,63,,42,
昆明市,龙泉镇,102.7253,25.0904,2026-02-04T0300,33,51,0.6,40,2,20,,51,颗粒物(PM10)
昆明市,东风东路,102.7267,25.0378,2026-02-04T0300,30,47,0.5,18,9,66,,47,
昆明市,金鼎山,102.6744,25.0671,2026-02-04T0300,,,,,,,31,,
昆明市,碧鸡广场,102.6643,25.0401,2026-02-04T0300,38,56,0.6,38,5,40,,54,细颗粒物(PM2.5)
昆明市,官渡区博物馆,102.7491,25.012,2026-02-04T0300,32,54,0.7,26,4,44,,52,颗粒物(PM10)
昆明市,青年创业园,102.8016,24.8336,2026-02-04T0300,30,50,0.6,34,6,39,,50,
昆明市,昆明学院,102.8,24.9787,2026-02-04T0300,30,56,0.7,25,5,57,,53,颗粒物(PM10)
昆明市,晋宁区生态环境分局,102.5969,24.6738,2026-02-04T0300,33,51,0.6,10,2,72,,51,颗粒物(PM10)
昆明市,云天化总部,102.6673,24.9861,2026-02-04T0300,35,55,0.6,45,6,31,,53,颗粒物(PM10)
拉萨市,八廓街,91.132,29.6515,2026-02-04T0300,8,13,0.3,2,6,93,,30,
拉萨市,市环保局,91.1221,29.6748,2026-02-04T0300,15,19,0.3,5,7,86,,27,
拉萨市,区监测站,91.0874,29.6476,2026-02-04T0300,9,14,0.7,4,4,88,,28,
拉萨市,西藏大学,91.1774,29.6541,2026-02-04T0300,3,13,0.5,7,4,84,,27,
拉萨市,区辐射站,90.9798,29.6586,2026-02-04T0300,8,20,0.2,3,3,85,,27,
拉萨市,拉萨火车站,91.0831,29.6292,2026-02-04T0300,8,15,0.3,3,4,87,,28,
来宾市,来宾技工学校,109.2203,23.7252,2026-02-04T0300,100,131,1.4,44,25,22,,132,细颗粒物(PM2.5)
来宾市,兴宾区政府,109.1781,23.7293,2026-02-04T0300,108,155,1.2,36,10,20,,142,细颗粒物(PM2.5)
来宾市,中南小学,109.2312,23.7428,2026-02-04T0300,121,140,1.6,47,16,12,,159,细颗粒物(PM2.5)
兰州市,铁路设计院,103.8309,36.0467,2026-02-04T0300,,,,,,,,,
兰州市,百合公园,103.7439,36.0841,2026-02-04T0300,55,92,1.4,52,12,16,,75,细颗粒物(PM2.5)
兰州市,和平,103.9613,35.9985,2026-02-04T0300,47,98,1.1,32,8,40,,74,颗粒物(PM10)
兰州市,庄浪东路808号,103.629272,36.093822,2026-02-04T0300,48,102,0.7,37,11,40,,76,颗粒物(PM10)
兰州市,安宁西路88号,103.7251,36.104344,2026-02-04T0300,51,114,0.8,53,9,20,,82,颗粒物(PM10)
兰州市,北滨河东路1号,103.846982,36.067567,2026-02-04T0300,51,107,1.2,74,9,3,,79,颗粒物(PM10)
廊坊市,药材公司,116.6712,39.5109,2026-02-04T0300,156,200,1.3,93,18,6,,206,细颗粒物(PM2.5)
廊坊市,开发区,116.7215,39.5592,2026-02-04T0300,169,208,1.5,116,10,1,,219,细颗粒物(PM2.5)
廊坊市,北华航天学院,116.7246,39.5273,2026-02-04T0300,164,222,1.5,98,15,2,,214,细颗粒物(PM2.5)
廊坊市,河北工业大学,116.7022,39.5454,2026-02-04T0300,154,231,1.5,98,11,5,,204,细颗粒物(PM2.5)
乐山市,牛耳桥,103.7629,29.5844,2026-02-04T0300,104,138,1.2,34,8,24,,137,细颗粒物(PM2.5)
乐山市,市第三水厂,103.7501,29.6002,2026-02-04T0300,98,137,1.0,35,4,28,,129,细颗粒物(PM2.5)
乐山市,市监测站,103.7571,29.5664,2026-02-04T0300,98,133,1.1,29,,27,,129,细颗粒物(PM2.5)
乐山市,理工大学,103.7313,29.563,2026-02-04T0300,98,132,1.0,28,3,27,,129,细颗粒物(PM2.5)
丽江市,丽江古城,100.2497,26.8802,2026-02-04T0300,3,14,0.5,8,10,71,,23,
丽江市,市中心,100.2203,26.8906,2026-02-04T0300,6,,0.2,6,5,78,,25,
丽水市,监测站大楼,119.9141,28.4513,2026-02-04T0300,20,42,0.2,10,4,86,,42,
丽水市,莲都小学,119.93,28.4589,2026-02-04T0300,19,35,/,12,/,84,,35,
丽水市,余庄前,119.8794,28.4232,2026-02-04T0300,16,29,0.3,10,,52,,,
连云港市,市环境监测站,119.1759,34.5885,2026-02-04T0300,110,122,0.8,32,12,42,,144,细颗粒物(PM2.5)
连云港市,德源药业,119.3577,34.6971,2026-02-04T0300,92,124,1.2,40,7,,,122,细颗粒物(PM2.5)
连云港市,新城一中,119.178,34.8442,2026-02-04T0300,102,122,1.1,31,12,70,,134,细颗粒物(PM2.5)
连云港市,胡沟管理处,119.3607,34.7519,2026-02-04T0300,83,100,0.8,20,10,73,,110,细颗粒物(PM2.5)
连云港市,矿山设计院,119.1478,34.5913,2026-02-04T0300,95,129,1.0,39,9,41,,125,细颗粒物(PM2.5)
连云港市,工贸学校,119.2414,34.6539,2026-02-04T0300,82,109,0.7,29,,63,,109,细颗粒物(PM2.5)
连云港市,连云街道,119.4171,34.734,2026-02-04T0300,77,108,0.9,27,,68,,103,细颗粒物(PM2.5)
凉山彝族自治州,西昌市政府,102.2629,27.8981,2026-02-04T0300,9,25,0.7,9,12,71,,25,
凉山彝族自治州,凉山州政府,102.2686,27.885,2026-02-04T0300,10,26,0.9,11,19,64,,26,
凉山彝族自治州,凯乐南路30号,102.2342,27.8859,2026-02-04T0300,6,29,0.5,7,9,71,,29,
辽阳市,宏伟区,123.1978,41.2036,2026-02-04T0300,67,93,0.8,12,10,,,,
辽阳市,新华园,123.1684,41.2497,2026-02-04T0300,72,90,0.5,19,12,84,,97,细颗粒物(PM2.5)
辽阳市,滨河路,123.2355,41.2663,2026-02-04T0300,69,69,0.8,14,34,76,,93,细颗粒物(PM2.5)
辽阳市,铁西路150号,123.153,41.2874,2026-02-04T0300,68,99,0.8,20,14,82,,92,细颗粒物(PM2.5)
辽源市,环保局,125.1359,42.8845,2026-02-04T0300,76,78,1.0,35,8,62,,102,细颗粒物(PM2.5)
辽源市,安宁大街333号,125.0998,42.9134,2026-02-04T0300,83,103,0.7,13,10,88,,110,细颗粒物(PM2.5)
聊城市,区政府,115.9789,36.4372,2026-02-04T0300,88,133,0.9,27,13,54,,117,细颗粒物(PM2.5)
聊城市,监控中心,115.9772,36.4986,2026-02-04T0300,85,125,0.9,24,11,63,,113,细颗粒物(PM2.5)
聊城市,九州社区,116.0443,36.436,2026-02-04T0300,97,130,0.7,17,4,59,,128,细颗粒物(PM2.5)
聊城市,星美广场,116.0564,36.4609,2026-02-04T0300,97,134,0.9,20,4,57,,128,细颗粒物(PM2.5)
聊城市,利民路,116.0091,36.4495,2026-02-04T0300,85,125,0.9,26,10,55,,113,细颗粒物(PM2.5)
林芝市,林芝监测站,94.3683,29.6373,2026-02-04T0300,11,14,0.4,2,4,89,,28,
林芝市,林芝人民医院,94.3616,29.6634,2026-02-04T0300,13,14,0.3,1,5,85,,27,
临沧市,市环保局,100.0779,23.8981,2026-02-04T0300,34,35,0.6,10,8,48,,49,
临沧市,市气象局,100.0894,23.882,2026-02-04T0300,37,51,0.6,9,10,44,,53,细颗粒物(PM2.5)
临汾市,临钢医院,111.5552,36.0791,2026-02-04T0300,73,138,1.5,47,8,8,,98,细颗粒物(PM2.5)
临汾市,技工学校,111.4984,36.0734,2026-02-04T0300,100,135,1.9,52,13,9,,132,细颗粒物(PM2.5)
临汾市,市委,111.5017,36.0857,2026-02-04T0300,90,146,1.3,62,11,1,,119,细颗粒物(PM2.5)
临汾市,唐尧大酒店,111.5048,36.1015,2026-02-04T0300,80,157,1.7,60,8,2,,107,细颗粒物(PM2.5)
临汾市,启星学校,111.4879,36.053,2026-02-04T0300,106,149,1.5,69,9,4,,139,细颗粒物(PM2.5)
临夏回族自治州,滨河东路1号,103.2464,35.6123,2026-02-04T0300,121,238,2.0,47,7,5,,159,细颗粒物(PM2.5)
临夏回族自治州,新华街21号,103.207136,35.599807,2026-02-04T0300,126,213,1.6,44,10,22,,166,细颗粒物(PM2.5)
临沂市,沂河小区,118.3429,35.0532,2026-02-04T0300,85,122,0.7,39,16,48,,113,细颗粒物(PM2.5)
娄底市,涟钢职大,111.9812,27.7591,2026-02-04T0300,50,99,1.2,36,5,26,,75,颗粒物(PM10)
娄底市,娄底体校,112.0303,27.7457,2026-02-04T0300,65,75,0.5,20,2,18,,88,细颗粒物(PM2.5)
泸州市,小市上码头,105.4427,28.9063,2026-02-04T0300,93,110,1.3,35,6,7,,123,细颗粒物(PM2.5)
泸州市,兰田宪桥,105.4241,28.8573,2026-02-04T0300,69,104,1.1,27,8,16,,93,细颗粒物(PM2.5)
泸州市,市环监站,105.4378,28.8833,2026-02-04T0300,81,129,1.0,34,10,13,,108,细颗粒物(PM2.5)
泸州市,纳溪中医医院,105.3689,28.7783,2026-02-04T0300,63,70,1.2,25,8,10,,85,细颗粒物(PM2.5)
吕梁市,环保局,111.1447,37.5212,2026-02-04T0300,38,88,0.6,52,4,8,,69,颗粒物(PM10)
吕梁市,自来水公司,111.1285,37.5338,2026-02-04T0300,46,122,0.6,52,14,1,,86,颗粒物(PM10)
吕梁市,马茂庄小学,111.1225,37.5093,2026-02-04T0300,41,114,0.6,59,19,2,,82,颗粒物(PM10)
洛阳市,市委党校,112.3934,34.6517,2026-02-04T0300,77,101,0.9,29,,35,,103,细颗粒物(PM2.5)
洛阳市,河南林校,112.494,34.6883,2026-02-04T0300,86,103,0.9,29,9,30,,114,细颗粒物(PM2.5)
洛阳市,开发区管委会,112.3843,34.623,2026-02-04T0300,72,131,0.8,31,10,26,,97,细颗粒物(PM2.5)
洛阳市,市委新办公区,112.4263,34.6249,2026-02-04T0300,89,122,0.8,36,9,25,,118,细颗粒物(PM2.5)
洛阳市,伊滨,112.6005,34.6323,2026-02-04T0300,86,132,0.9,41,8,32,,114,细颗粒物(PM2.5)
洛阳市,中移产业园,112.495,34.6338,2026-02-04T0300,80,102,0.9,29,9,37,,107,细颗粒物(PM2.5)
洛阳市,吉利监测站,112.5736,34.8993,2026-02-04T0300,77,91,0.7,27,7,47,,103,细颗粒物(PM2.5)
洛阳市,河科大西苑校区,112.3678,34.6623,2026-02-04T0300,83,105,0.9,31,8,38,,110,细颗粒物(PM2.5)
洛阳市,英才小学,112.4387,34.678,2026-02-04T0300,96,155,1.4,73,11,10,,127,细颗粒物(PM2.5)
洛阳市,春都路1号院,112.460027,34.694929,2026-02-04T0300,106,164,1.3,64,9,7,,139,细颗粒物(PM2.5)
漯河市,三五一五工厂,114.051,33.5721,2026-02-04T0300,59,115,0.8,20,6,62,,83,颗粒物(PM10)
漯河市,漯河大学,114.0055,33.5698,2026-02-04T0300,77,96,0.8,24,6,42,,103,细颗粒物(PM2.5)
漯河市,市水利局,114.0134,33.5826,2026-02-04T0300,66,107,0.7,25,6,36,,89,细颗粒物(PM2.5)
漯河市,市广电局,114.0261,33.5697,2026-02-04T0300,60,98,0.6,14,8,57,,82,细颗粒物(PM2.5)
漯河市,市图书馆,113.9691,33.568,2026-02-04T0300,58,115,1.0,23,7,48,,83,颗粒物(PM10)
漯河市,韶山路11号,114.089259,33.588274,2026-02-04T0300,61,110,0.7,28,8,46,,83,细颗粒物(PM2.5)
马鞍山市,湖东路四小,118.5084,31.6838,2026-02-04T0300,82,110,0.7,33,7,,,109,细颗粒物(PM2.5)
马鞍山市,开发区,118.5019,31.6449,2026-02-04T0300,89,131,0.7,53,9,,,118,细颗粒物(PM2.5)
马鞍山市,雨山,118.4914,31.681,2026-02-04T0300,84,119,0.7,39,8,51,,112,细颗粒物(PM2.5)
马鞍山市,慈湖高新区,118.527362,31.722269,2026-02-04T0300,84,117,0.8,46,9,48,,112,细颗粒物(PM2.5)
茂名市,电白南海,111.0285,21.469,2026-02-04T0300,26,46,1.1,14,,86,,,
茂名市,茂石化七小,110.9294,21.6533,2026-02-04T0300,24,44,0.5,10,,90,,,
茂名市,健康路,110.9108,21.6688,2026-02-04T0300,22,36,0.6,13,5,101,,36,
茂名市,高岭,110.8592,21.6826,2026-02-04T0300,27,48,/,10,22,90,,48,
茂名市,电白水东,111.0101,21.5165,2026-02-04T0300,25,41,/,20,12,77,,41,
眉山市,气象局,103.8414,30.0871,2026-02-04T0300,94,129,1.1,31,12,26,,124,细颗粒物(PM2.5)
眉山市,区人社局,103.829,30.0563,2026-02-04T0300,108,123,1.1,28,20,24,,142,细颗粒物(PM2.5)
眉山市,眉职院,103.8836,30.0695,2026-02-04T0300,96,145,1.0,30,4,19,,127,细颗粒物(PM2.5)
梅州市,梅江月梅,116.1248,24.3307,2026-02-04T0300,44,68,/,20,/,87,,62,细颗粒物(PM2.5)
梅州市,梅县新城,116.0798,24.2719,2026-02-04T0300,36,54,0.7,48,8,14,,52,"颗粒物(PM10),细颗粒物(PM2.5)"
梅州市,梅龙,116.1234,24.2994,2026-02-04T0300,50,78,0.7,17,10,90,,69,细颗粒物(PM2.5)
绵阳市,富乐山,104.7775,31.4741,2026-02-04T0300,70,101,1.0,54,9,2,,94,细颗粒物(PM2.5)
绵阳市,高新区自来水公司,104.6698,31.4668,2026-02-04T0300,75,117,1.0,51,9,5,,100,细颗粒物(PM2.5)
绵阳市,西科大附属小学,104.6899,31.5324,2026-02-04T0300,72,119,0.8,47,10,2,,97,细颗粒物(PM2.5)
绵阳市,安州区旅游局,104.5647,31.5343,2026-02-04T0300,65,105,1.3,29,14,10,,88,细颗粒物(PM2.5)
绵阳市,科技城新区公安局,104.7092,31.4972,2026-02-04T0300,74,122,1.1,60,5,2,,99,细颗粒物(PM2.5)
绵阳市,绵阳市气象局,104.765114,31.453094,2026-02-04T0300,72,120,1.1,51,8,0,,97,细颗粒物(PM2.5)
牡丹江市,环保大楼,129.61,44.561,2026-02-04T0300,44,52,0.7,38,4,31,,62,细颗粒物(PM2.5)
牡丹江市,机车工厂,129.6364,44.6075,2026-02-04T0300,55,71,0.9,48,8,11,,75,细颗粒物(PM2.5)
牡丹江市,第一中学,129.6386,44.5462,2026-02-04T0300,26,42,0.5,47,6,20,,42,
牡丹江市,东晓云街98号,129.5992,44.5964,2026-02-04T0300,56,64,0.9,32,7,23,,77,细颗粒物(PM2.5)
内江市,市监测站,105.0703,29.61,2026-02-04T0300,68,,1.0,20,6,48,,92,细颗粒物(PM2.5)
内江市,内江二中,105.0657,29.5807,2026-02-04T0300,70,71,0.7,18,8,46,,94,细颗粒物(PM2.5)
内江市,内江日报社,105.0407,29.5828,2026-02-04T0300,71,,1.0,28,,39,,,
内江市,玉峰路西段888号,105.0433,29.6105,2026-02-04T0300,69,,0.7,21,4,,,,
那曲市,那曲监测站,92.0653,31.4846,2026-02-04T0300,18,25,1.2,16,5,33,,26,
那曲市,那曲市委宣传部,92.0515,31.4787,2026-02-04T0300,21,,1.5,18,8,32,,30,
南昌市,省林业公司,115.8887,28.7006,2026-02-04T0300,29,41,0.5,74,4,1,,42,
