area,positionname,longitude,latitude,timepoint,pm2_5,pm10,co,no2,so2,o3,o3_8h,aqi,primarypollutant
石河子市,艾青诗歌馆,86.0391,44.298,2026-08-20T1100,3,52,0.7,23,5,48,79,52,颗粒物(PM10)
石河子市,南区管委会,86.047,44.2331,2026-08-20T1100,3,33,0.4,19,8,62,68,33,
石河子市,世纪广场,86.0791,44.3018,2026-08-20T1100,3,6,0.5,21,4,54,83,17,
石河子市,城南景苑小区,86.0126,44.2349,2026-08-20T1100,6,48,0.3,26,8,55,69,48,
石家庄市,高新区,114.5919,38.0328,2026-08-20T1100,38,54,0.7,7,4,107,57,56,细颗粒物(PM2.5)
石家庄市,西南高教,114.4556,38.0136,2026-08-20T1100,34,39,1.0,8,2,114,68,49,
石家庄市,世纪公园,114.533,38.0177,2026-08-20T1100,45,52,0.8,4,3,111,59,70,细颗粒物(PM2.5)
石家庄市,人民会堂,114.5105,38.0489,2026-08-20T1100,40,49,0.4,9,3,109,69,60,细颗粒物(PM2.5)
石家庄市,鹿泉一中,114.2887,38.0905,2026-08-20T1100,42,55,0.8,5,3,106,49,64,细颗粒物(PM2.5)
石家庄市,栾城区星河路,114.6491,37.9014,2026-08-20T1100,51,53,0.4,8,2,117,55,82,细颗粒物(PM2.5)
石家庄市,裕华西路63号,114.4563,38.0365,2026-08-20T1100,35,56,0.6,6,1,118,66,55,颗粒物(PM10)
石家庄市,和平路363号,114.5586,38.0581,2026-08-20T1100,36,NA,0.6,5,3,119,67,52,细颗粒物(PM2.5)
石家庄市,廉州西路160号,114.8347,38.0213,2026-08-20T1100,46,NA,0.8,4,3,119,54,72,细颗粒物(PM2.5)
石家庄市,北城路41号,114.4498,38.0729,2026-08-20T1100,30,51,0.6,8,3,123,65,51,颗粒物(PM10)
石家庄市,矿区区委大楼,114.0494,38.059,2026-08-20T1100,27,48,0.6,4,4,121,40,48,
石嘴山市,大武口朝阳西街,106.3668,39.0145,2026-08-20T1100,14,51,0.9,18,23,124,64,51,颗粒物(PM10)
石嘴山市,惠农南大街,106.7713,39.2278,2026-08-20T1100,12,30,0.6,15,14,110,71,35,
石嘴山市,红果子镇惠新街,106.7074,39.1332,2026-08-20T1100,13,39,0.6,22,14,117,62,39,
石嘴山市,妇女儿童医院,106.3495,38.9837,2026-08-20T1100,7,52,0.7,12,14,117,63,52,颗粒物(PM10)
石嘴山市,石大公路,106.7495,39.2068,2026-08-20T1100,3,60,0.6,NA,11,107,58,NA,NA
双鸭山市,双合村,131.1509,46.6936,2026-08-20T1100,3,13,0.2,3,7,64,28,20,
双鸭山市,南小市,131.1651,46.6191,2026-08-20T1100,7,41,0.8,6,7,69,28,41,
双鸭山市,环保局,131.1526,46.6554,2026-08-20T1100,3,10,0.5,5,9,62,24,20,
朔州市,平朔,112.4399,39.3521,2026-08-20T1100,28,61,0.4,9,18,123,63,58,颗粒物(PM10)
朔州市,朔唯,112.4574,39.362,2026-08-20T1100,33,57,/,6,17,124,64,55,颗粒物(PM10)
朔州市,区政府,112.426,39.3199,2026-08-20T1100,31,62,0.5,13,29,118,79,59,颗粒物(PM10)
朔州市,市环保局,112.4075,39.3277,2026-08-20T1100,36,61,/,11,15,123,69,58,颗粒物(PM10)
朔州市,市二中,112.4273,39.3682,2026-08-20T1100,26,53,/,15,9,136,70,53,颗粒物(PM10)
朔州市,一水厂,112.2938,39.5296,2026-08-20T1100,30,68,0.6,6,6,136,47,63,颗粒物(PM10)
四平市,境园,124.3744,43.1842,2026-08-20T1100,21,32,0.8,4,7,136,56,43,
滨州市,滨州市西街道办事处,117.9955,37.3752,2026-08-20T1100,26,36,0.4,8,9,154,81,49,
亳州市,污水处理厂,115.8071,33.8399,2026-08-20T1100,3,20,0.5,5,4,85,40,27,
亳州市,三国揽胜宫,115.7789,33.8519,2026-08-20T1100,3,25,0.6,1,3,68,49,25,
亳州市,亳州学院,115.7631,33.803,2026-08-20T1100,3,23,0.3,6,2,89,54,28,
博尔塔拉蒙古自治州,市党校,82.0482,44.8553,2026-08-20T1100,3,14,0.2,5,3,60,54,19,
博尔塔拉蒙古自治州,市环保局,82.0805,44.8966,2026-08-20T1100,3,47,0.2,12,4,50,54,47,
沧州市,沧县城建局,116.8733,38.2922,2026-08-20T1100,51,NA,0.7,2,5,135,66,82,细颗粒物(PM2.5)
沧州市,电视转播站,116.8462,38.3189,2026-08-20T1100,34,49,0.2,8,4,127,68,49,
沧州市,市环保局,116.8588,38.3161,2026-08-20T1100,NA,NA,NA,NA,NA,NA,140,NA,NA
沧州市,河北水利电力学院,116.8011,38.294,2026-08-20T1100,40,44,0.5,2,5,135,72,60,细颗粒物(PM2.5)
昌都市,昌都监测站,97.1813,31.1289,2026-08-20T1100,3,15,0.4,NA,3,47,41,NA,NA
昌都市,昌都会议中心,97.1707,31.1428,2026-08-20T1100,3,7,0.3,4,3,58,43,19,
昌吉回族自治州,新区政务中心,87.2722,44.0298,2026-08-20T1100,16,22,NA,NA,8,42,40,NA,NA
昌吉回族自治州,亚心广场,87.3069,44.0093,2026-08-20T1100,7,53,0.3,34,10,61,55,53,颗粒物(PM10)
昌吉回族自治州,财政所,87.2057,43.9289,2026-08-20T1100,3,33,0.2,7,8,73,43,33,
长春市,客车厂,125.2874,43.9024,2026-08-20T1100,15,27,0.4,9,3,117,62,37,
长春市,邮电学院,125.2943,43.8508,2026-08-20T1100,12,14,0.4,4,6,108,42,34,
长春市,劳动公园,125.3648,43.8745,2026-08-20T1100,10,25,0.3,5,3,109,47,35,
长春市,园林处,125.3233,43.8781,2026-08-20T1100,11,34,0.3,7,5,110,54,35,
长春市,净月潭,125.4604,43.7904,2026-08-20T1100,13,15,0.4,4,7,96,42,30,
长春市,经开区环卫处,125.38,43.8422,2026-08-20T1100,11,24,0.4,7,6,100,43,32,
长春市,高新区管委会,125.234,43.7761,2026-08-20T1100,11,17,0.4,3,7,108,54,34,
长春市,岱山公园,125.1695,43.83,2026-08-20T1100,13,27,0.5,8,3,105,52,33,
长春市,北亚泰大街1068号,125.334645,43.916281,2026-08-20T1100,13,29,0.4,9,6,107,50,34,
长沙市,经开区环保局,113.082,28.2421,2026-08-20T1100,22,44,0.6,3,5,101,51,44,
长沙市,高开区环保局,112.8873,28.2202,2026-08-20T1100,18,33,0.8,4,3,116,64,37,
长沙市,马坡岭,113.0785,28.2012,2026-08-20T1100,22,33,0.3,5,8,116,56,37,
长沙市,湖南师范大学,112.9448,28.1894,2026-08-20T1100,10,49,0.5,8,12,120,63,49,
长沙市,雨花区环保局,113.0177,28.1322,2026-08-20T1100,13,50,1.0,6,6,110,56,50,
长沙市,伍家岭,112.9795,28.2593,2026-08-20T1100,21,47,0.5,4,3,112,56,47,
长沙市,火车新站,113.002,28.1944,2026-08-20T1100,20,42,0.9,4,5,104,55,42,
长沙市,天心区环保局,112.9846,28.1177,2026-08-20T1100,15,45,0.5,9,4,119,65,45,
长沙市,湖南中医药大学,112.8906,28.1307,2026-08-20T1100,18,36,0.9,4,6,118,65,37,
长治市,清华站,113.1146,36.1547,2026-08-20T1100,16,29,0.7,3,8,120,53,38,
长治市,审计局,113.0887,36.2126,2026-08-20T1100,26,29,1.1,10,10,119,50,38,
合肥市,琥珀山庄,117.2587,31.8703,2026-08-20T1100,9,NA,0.2,12,NA,83,68,NA,NA
合肥市,庐阳区,117.2593,31.9376,2026-08-20T1100,3,24,0.8,11,10,78,65,25,
合肥市,瑶海区,117.345251,31.861615,2026-08-20T1100,6,27,0.5,11,4,73,57,27,
合肥市,包河区,117.3033,31.7967,2026-08-20T1100,10,27,0.4,15,12,66,41,27,
合肥市,滨湖新区,117.278,31.7392,2026-08-20T1100,NA,NA,0.7,8,7,84,62,NA,NA
合肥市,高新区,117.1324,31.8395,2026-08-20T1100,10,31,0.5,14,8,92,62,31,
合肥市,高教基地,117.3802,31.9148,2026-08-20T1100,3,27,0.5,8,8,70,59,27,
合肥市,中国科学技术大学,117.2518,31.8404,2026-08-20T1100,6,22,0.4,11,6,90,69,29,
和田地区,地区环保局,79.9241,37.0878,2026-08-20T1100,200,742,0.4,4,2,86,95,500,颗粒物(PM10)
和田地区,市环保局,79.9132,37.1137,2026-08-20T1100,228,719,0.5,8,3,86,96,500,颗粒物(PM10)
河池市,市环保站,108.0496,24.6957,2026-08-20T1100,3,25,0.9,5,6,58,17,25,
河池市,上任中路54号,108.0901,24.6945,2026-08-20T1100,6,21,0.7,13,5,54,17,21,
河源市,东埔,114.6962,23.7538,2026-08-20T1100,9,19,0.9,6,5,41,30,19,
河源市,老城,114.6895,23.7232,2026-08-20T1100,10,20,1.0,6,9,42,30,20,
菏泽市,定陶老年大学,115.5562,35.089,2026-08-20T1100,40,46,0.6,10,7,89,62,60,细颗粒物(PM2.5)
菏泽市,黄河路600号,115.4239,35.2593,2026-08-20T1100,29,43,0.5,10,4,84,57,43,
菏泽市,菏泽市人社局,115.5025,35.2727,2026-08-20T1100,26,41,0.4,10,6,92,58,41,
菏泽市,永昌路1号,115.479691,35.244011,2026-08-20T1100,23,42,0.2,9,9,91,67,42,
菏泽市,长城路999号,115.471542,35.280012,2026-08-20T1100,26,38,0.4,12,10,81,51,38,
贺州市,环保小区,111.5264,24.4178,2026-08-20T1100,16,28,0.4,5,11,84,32,28,
贺州市,政协大楼,111.561,24.4074,2026-08-20T1100,20,33,0.7,4,14,80,28,33,
贺州市,西湾,111.4744,24.455,2026-08-20T1100,27,NA,0.4,7,9,73,28,39,
鹤壁市,市监测站,114.17,35.9019,2026-08-20T1100,46,NA,0.8,3,4,114,59,72,细颗粒物(PM2.5)
鹤壁市,市交警支队,114.2953,35.7512,2026-08-20T1100,60,NA,0.7,9,1,130,54,100,细颗粒物(PM2.5)
鹤壁市,迎宾馆,114.2877,35.7302,2026-08-20T1100,44,78,0.8,6,3,134,55,70,颗粒物(PM10)
鹤壁市,大新区,114.2616,35.6824,2026-08-20T1100,51,66,0.6,8,NA,138,70,NA,NA
鹤壁市,南山宾馆,114.1573,35.9607,2026-08-20T1100,48,NA,1.1,7,5,112,61,76,细颗粒物(PM2.5)
鹤岗市,哈啤分公司,130.2537,47.3416,2026-08-20T1100,6,25,0.1,8,8,74,42,25,
鹤岗市,斯达机电,130.2683,47.3087,2026-08-20T1100,3,16,0.2,7,5,73,43,23,
鹤岗市,东山纸板厂,130.3114,47.3388,2026-08-20T1100,7,17,0.2,8,6,55,23,18,
黑河市,交通局,127.4832,50.2524,2026-08-20T1100,11,11,0.4,8,8,38,18,16,
黑河市,环保局,127.5146,50.2339,2026-08-20T1100,12,19,0.5,8,5,36,16,19,
衡水市,电机北厂,115.6839,37.754,2026-08-20T1100,41,58,0.7,5,5,140,73,62,细颗粒物(PM2.5)
六安市,开发区,116.5566,31.7885,2026-08-20T1100,10,18,0.2,5,7,105,65,33,
六盘水市,黄土坡,104.8293,26.592,2026-08-20T1100,10,13,0.4,11,3,52,53,17,
六盘水市,民中,104.8481,26.5898,2026-08-20T1100,3,15,0.4,13,2,51,54,16,
六盘水市,双水,104.9541,26.5506,2026-08-20T1100,7,NA,0.5,9,5,52,47,17,
六盘水市,钟山大道中段564号,104.8899,26.5685,2026-08-20T1100,9,25,0.8,18,2,34,40,25,
龙岩市,龙岩市监测站,117.022,25.1031,2026-08-20T1100,6,15,0.1,2,9,53,28,17,
龙岩市,闽西职业技术学院,117.0257,25.0662,2026-08-20T1100,7,22,0.4,2,6,53,22,22,
龙岩市,龙岩学院,117.0195,25.0306,2026-08-20T1100,13,25,/,6,4,66,25,25,
陇南市,滨江中学,104.9344,33.3827,2026-08-20T1100,15,25,0.5,13,10,48,31,25,
陇南市,市总工会,104.9551,33.3709,2026-08-20T1100,6,22,NA,NA,10,47,38,NA,NA
娄底市,市监测站,111.9984,27.7346,2026-08-20T1100,38,46,0.5,6,2,91,76,56,细颗粒物(PM2.5)
娄底市,市政府,111.9888,27.7035,2026-08-20T1100,38,50,0.4,6,7,88,56,56,细颗粒物(PM2.5)
娄底市,涟钢职大,111.9812,27.7591,2026-08-20T1100,14,30,1.0,4,2,85,58,30,
娄底市,娄底体校,112.0303,27.7457,2026-08-20T1100,NA,NA,NA,NA,4,86,62,NA,NA
泸州市,小市上码头,105.4427,28.9063,2026-08-20T1100,39,64,NA,14,6,66,34,NA,NA
泸州市,兰田宪桥,105.4241,28.8573,2026-08-20T1100,14,29,0.5,10,5,64,19,29,
泸州市,市环监站,105.4378,28.8833,2026-08-20T1100,11,34,0.8,17,4,62,35,34,
泸州市,纳溪区委政协,105.3665,28.77434,2026-08-20T1100,22,28,0.8,9,8,80,25,32,
吕梁市,环保局,111.1447,37.5212,2026-08-20T1100,27,50,0.5,NA,8,111,42,NA,NA
吕梁市,自来水公司,111.1285,37.5338,2026-08-20T1100,21,47,0.7,6,6,110,35,47,
吕梁市,马茂庄小学,111.1225,37.5093,2026-08-20T1100,28,58,0.6,6,7,108,34,56,颗粒物(PM10)
洛阳市,市委党校,112.3934,34.6517,2026-08-20T1100,47,60,0.7,13,11,97,64,74,细颗粒物(PM2.5)
洛阳市,河南林校,112.494,34.6883,2026-08-20T1100,50,57,0.5,11,9,99,58,80,细颗粒物(PM2.5)
洛阳市,开发区管委会,112.3843,34.623,2026-08-20T1100,44,48,0.7,14,15,108,67,68,细颗粒物(PM2.5)
洛阳市,市委新办公区,112.4263,34.6249,2026-08-20T1100,48,NA,0.9,12,13,92,58,76,细颗粒物(PM2.5)
洛阳市,伊滨,112.6005,34.6323,2026-08-20T1100,45,47,0.7,11,4,96,47,70,细颗粒物(PM2.5)
洛阳市,中移产业园,112.495,34.6338,2026-08-20T1100,42,62,1.1,9,10,83,44,64,细颗粒物(PM2.5)
洛阳市,吉利监测站,112.5736,34.8993,2026-08-20T1100,41,60,0.3,7,10,107,66,62,细颗粒物(PM2.5)
洛阳市,河科大西苑校区,112.3678,34.6623,2026-08-20T1100,41,58,0.5,15,10,107,75,62,细颗粒物(PM2.5)
洛阳市,英才小学,112.4387,34.678,2026-08-20T1100,44,50,0.7,12,8,95,58,68,细颗粒物(PM2.5)
洛阳市,春都路1号院,112.460027,34.694929,2026-08-20T1100,NA,NA,0.5,NA,NA,91,56,NA,NA
漯河市,三五一五工厂,114.051,33.5721,2026-08-20T1100,47,71,0.6,10,6,87,56,74,细颗粒物(PM2.5)
阿坝藏族羌族自治州,马师校,102.2503,31.8896,2026-08-20T1100,9,17,0.5,4,4,16,5,17,
阿坝藏族羌族自治州,马尔康中学西区,102.2174,31.9016,2026-08-20T1100,6,NA,0.4,3,4,16,9,9,
阿克苏地区,电视台,80.2899,41.1684,2026-08-20T1100,6,37,0.8,19,4,79,89,37,
阿克苏地区,艺术中心,80.2592,41.1541,2026-08-20T1100,10,38,0.3,24,4,87,86,38,
阿拉善盟,蒙二幼,105.699,38.8409,2026-08-20T1100,8,58,0.4,6,8,120,123,56,颗粒物(PM10)
阿拉善盟,环保局新楼,105.7198,38.8508,2026-08-20T1100,6,26,0.4,5,10,124,131,39,
阿勒泰地区,市站,88.1266,47.8515,2026-08-20T1100,3,27,0.5,13,9,69,71,27,
阿勒泰地区,阿勒泰路33号,88.1198,47.7931,2026-08-20T1100,3,29,0.6,17,7,61,69,29,
阿里地区,阿里监测站,80.1171,32.4999,2026-08-20T1100,3,6,0.1,7,3,105,113,33,
阿里地区,阿里藏医院,80.0906,32.5029,2026-08-20T1100,3,6,0.2,4,7,104,106,33,
安康市,汉滨区检察院,109.0088,32.6974,2026-08-20T1100,28,47,0.8,10,8,41,10,47,
安康市,市邮政管理局,109.0324,32.6913,2026-08-20T1100,27,40,1.0,8,3,53,15,40,
安庆市,环科院,117.0806,30.5181,2026-08-20T1100,22,32,0.7,7,6,124,75,39,
安庆市,马山宾馆,117.0331,30.5118,2026-08-20T1100,19,39,0.4,9,4,125,80,40,
安庆市,安庆大学,116.9897,30.6146,2026-08-20T1100,NA,NA,NA,NA,NA,NA,128,NA,NA
安庆市,市人大,117.0598,30.5351,2026-08-20T1100,19,28,0.6,2,7,123,78,39,
安顺市,凤凰山,105.9408,26.2431,2026-08-20T1100,21,NA,0.6,4,4,64,57,30,
安顺市,金钟山,105.9443,26.2567,2026-08-20T1100,21,24,0.6,4,7,64,55,30,
安顺市,娄家坡,105.8983,26.248,2026-08-20T1100,22,23,0.7,6,15,60,55,32,
安阳市,红庙街,114.3552,36.1017,2026-08-20T1100,48,54,0.8,7,4,114,62,76,细颗粒物(PM2.5)
安阳市,银杏小区,114.361,36.0681,2026-08-20T1100,44,57,0.7,7,2,120,66,68,细颗粒物(PM2.5)
安阳市,信访局,114.3921,36.0879,2026-08-20T1100,40,52,0.6,2,3,129,70,60,细颗粒物(PM2.5)
安阳市,左辅环卫站,114.4706,36.0634,2026-08-20T1100,50,NA,0.9,4,2,118,61,NA,NA
安阳市,钢三路198号,114.2918,36.0769,2026-08-20T1100,38,54,1.0,3,4,94,40,56,细颗粒物(PM2.5)
鞍山市,深沟寺,123.0441,41.1201,2026-08-20T1100,14,22,1.1,8,6,107,59,34,
鞍山市,太阳城,123.011,41.0931,2026-08-20T1100,13,25,1.3,13,5,117,66,37,
鞍山市,太平,123.0483,41.1445,2026-08-20T1100,16,31,1.0,11,7,114,71,36,
鞍山市,铁西三道街,122.964,41.0968,2026-08-20T1100,NA,NA,1.3,8,5,121,61,NA,NA
鞍山市,明达新区,123.0219,41.0822,2026-08-20T1100,15,25,1.1,9,6,111,70,35,
鞍山市,兴盛南路290号,122.944647,41.082639,2026-08-20T1100,18,34,0.8,9,7,130,72,41,
巴彦淖尔市,附二中,107.4206,40.7609,2026-08-20T1100,14,32,0.5,14,12,97,79,32,
巴彦淖尔市,市环保大楼,107.37,40.7372,2026-08-20T1100,21,68,0.8,16,14,92,86,63,颗粒物(PM10)
巴音郭楞蒙古自治州,孔雀公园,86.1476,41.7529,2026-08-20T1100,19,45,0.3,17,8,67,96,45,
巴音郭楞蒙古自治州,棉纺厂,86.1971,41.7166,2026-08-20T1100,3,81,/,10,/,94,82,73,颗粒物(PM10)
巴音郭楞蒙古自治州,经济开发区,86.236,41.7172,2026-08-20T1100,3,40,0.2,5,5,93,93,40,
巴中市,市五中,106.776805,31.852614,2026-08-20T1100,15,24,0.6,6,9,43,29,24,
巴中市,圣泉水务公司,106.7419,31.8654,2026-08-20T1100,14,30,0.6,5,11,56,21,30,
巴中市,市中心医院,106.7617,31.8343,2026-08-20T1100,20,28,0.6,8,6,47,28,29,
白城市,洮北区环保局,122.7909,45.608,2026-08-20T1100,25,27,0.5,6,5,104,66,36,
白城市,市环保局,122.8741,45.5725,2026-08-20T1100,17,34,0.5,6,4,98,54,34,
白山市,喜丰,126.4219,41.9172,2026-08-20T1100,10,33,0.7,8,8,93,26,33,
白山市,环保局,126.4082,41.9416,2026-08-20T1100,10,43,0.6,NA,13,94,29,NA,NA
白银市,第三小学,104.1727,36.5448,2026-08-20T1100,13,40,0.9,16,15,94,59,40,
白银市,动力公司,104.1467,36.5482,2026-08-20T1100,7,28,0.7,11,8,103,43,33,
百色市,市监测站,106.6102,23.901,2026-08-20T1100,NA,NA,0.7,NA,7,37,21,NA,NA
百色市,市中心血站,106.6524,23.8842,2026-08-20T1100,9,29,0.3,2,7,37,12,29,
百色市,龙景西路,106.6273,23.8798,2026-08-20T1100,8,23,0.4,4,7,33,18,23,
蚌埠市,工人疗养院,117.396,32.9389,2026-08-20T1100,3,26,0.4,5,5,72,32,26,
蚌埠市,百货大楼,117.3606,32.9428,2026-08-20T1100,3,29,0.5,13,9,73,30,29,
蚌埠市,蚌埠学院,117.4183,32.8909,2026-08-20T1100,3,17,0.4,2,5,77,31,25,
蚌埠市,淮上区政府,117.3534,32.9672,2026-08-20T1100,3,29,0.5,10,6,77,36,29,
蚌埠市,高新区,117.3143,32.8977,2026-08-20T1100,3,17,0.4,9,9,79,29,25,
蚌埠市,蚌埠田家炳中学,117.3091,32.9314,2026-08-20T1100,NA,NA,0.5,17,12,70,31,NA,NA
包头市,市环境监测站,109.8761,40.6533,2026-08-20T1100,22,43,0.5,13,6,116,72,43,
包头市,包头八中,109.9992,40.5843,2026-08-20T1100,22,70,0.4,16,8,103,86,65,颗粒物(PM10)
包头市,惠龙物流,109.8641,40.6288,2026-08-20T1100,14,45,0.5,13,5,110,76,45,
包头市,东河鸿龙湾,110.0376,40.5546,2026-08-20T1100,21,44,0.6,14,5,97,65,44,
包头市,滨河大厦,109.9154,40.5684,2026-08-20T1100,30,45,0.8,20,8,101,70,45,
包头市,包头市委党校,109.9449,40.6259,2026-08-20T1100,18,42,0.4,16,6,106,81,42,
包头市,昆区政府,109.8332,40.6577,2026-08-20T1100,23,41,0.4,18,8,103,75,41,
宝鸡市,竹园沟,107.0802,34.3129,2026-08-20T1100,24,35,0.5,7,4,84,28,35,
宝鸡市,监测站,107.1429,34.3549,2026-08-20T1100,28,36,0.4,12,4,77,30,40,
宝鸡市,技工学校,107.1172,34.3759,2026-08-20T1100,31,44,0.7,10,6,79,30,45,
宝鸡市,文理学院,107.2025,34.3518,2026-08-20T1100,32,39,0.5,12,5,80,32,46,
宝鸡市,三迪小学,107.2396,34.3626,2026-08-20T1100,36,48,0.7,12,4,79,32,52,细颗粒物(PM2.5)
宝鸡市,滨河北路,107.1721,34.3558,2026-08-20T1100,30,46,0.7,10,4,73,31,46,
宝鸡市,陈仓区北开路21号,107.3898,34.3601,2026-08-20T1100,33,NA,0.4,9,NA,74,29,NA,NA
保定市,游泳馆,115.4803,38.8568,2026-08-20T1100,49,NA,NA,NA,2,140,76,NA,NA
保定市,华电二区,115.509,38.8895,2026-08-20T1100,53,85,0.6,9,4,130,56,86,细颗粒物(PM2.5)
保定市,接待中心,115.4588,38.9037,2026-08-20T1100,54,NA,0.5,6,3,128,62,88,细颗粒物(PM2.5)
保定市,地表水厂,115.4484,38.8344,2026-08-20T1100,48,60,0.5,17,3,135,53,76,细颗粒物(PM2.5)
保定市,满城区生态环境分局,115.3136,38.9511,2026-08-20T1100,42,56,0.6,8,3,143,69,64,细颗粒物(PM2.5)
保定市,清苑区第二中学,115.4709,38.7628,2026-08-20T1100,48,68,0.5,6,1,130,48,76,细颗粒物(PM2.5)
保定市,徐水物探局,115.6231,39.0223,2026-08-20T1100,45,70,0.5,10,3,119,46,70,细颗粒物(PM2.5)
保定市,双鹰农机,115.4199,38.8665,2026-08-20T1100,49,61,0.3,8,2,136,66,78,细颗粒物(PM2.5)
保定市,植保所站,115.515,38.8589,2026-08-20T1100,49,68,0.4,18,5,147,68,78,细颗粒物(PM2.5)
保山市,市环境监测站,99.1589,25.1137,2026-08-20T1100,12,31,NA,NA,7,32,27,NA,NA
保山市,市环保局,99.1616,25.1381,2026-08-20T1100,7,27,0.8,15,6,36,31,27,
北海市,海滩公园,109.1435,21.4085,2026-08-20T1100,24,27,0.4,5,4,90,63,35,
北海市,新市环保局,109.0983,21.466,2026-08-20T1100,23,34,0.5,7,4,94,66,34,
北海市,北海工业园,109.1775,21.5232,2026-08-20T1100,14,26,0.4,6,4,91,56,29,
北海市,龙潭自来水厂,109.1844,21.4396,2026-08-20T1100,8,NA,0.5,NA,NA,78,42,NA,NA
北京市,万寿西宫,116.3611,39.8786,2026-08-20T1100,35,45,0.7,15,3,138,74,50,
北京市,东四,116.4174,39.9289,2026-08-20T1100,36,50,0.7,20,4,137,74,52,细颗粒物(PM2.5)
北京市,天坛,116.4073,39.8858,2026-08-20T1100,28,77,0.8,14,3,136,57,70,颗粒物(PM10)
北京市,农展馆,116.4622,39.9364,2026-08-20T1100,29,52,0.6,13,3,115,58,52,颗粒物(PM10)
北京市,官园,116.3399,39.9293,2026-08-20T1100,29,65,0.7,19,4,131,71,61,颗粒物(PM10)
北京市,海淀万柳,116.2879,39.9613,2026-08-20T1100,42,72,0.8,24,5,103,55,66,颗粒物(PM10)
北京市,顺义新城,116.6635,40.1349,2026-08-20T1100,34,46,0.7,10,3,118,64,49,
北京市,怀柔镇,116.6275,40.327,2026-08-20T1100,30,45,0.8,10,2,121,66,45,
北京市,昌平镇,116.2295,40.217,2026-08-20T1100,33,53,0.8,12,3,109,68,53,颗粒物(PM10)
北京市,奥体中心,116.3968,39.982,2026-08-20T1100,38,51,0.7,17,3,109,61,56,细颗粒物(PM2.5)
北京市,密云新城,116.8336,40.4095,2026-08-20T1100,26,39,0.7,8,3,105,55,39,
北京市,门头沟三家店,116.0879,39.9725,2026-08-20T1100,38,49,0.7,18,2,115,45,56,细颗粒物(PM2.5)
北京市,丰台云岗,116.1507,39.8246,2026-08-20T1100,35,64,0.7,20,4,123,46,60,颗粒物(PM10)
北京市,房山燕山,115.9578,39.7602,2026-08-20T1100,42,62,0.6,21,3,109,45,64,细颗粒物(PM2.5)
北京市,大兴旧宫,116.4669,39.7734,2026-08-20T1100,36,53,0.8,20,3,124,53,53,颗粒物(PM10)
北京市,延庆石河营,115.9859,40.4562,2026-08-20T1100,16,18,0.5,5,2,115,69,36,
北京市,怀柔新城,116.6151,40.3052,2026-08-20T1100,26,36,0.8,8,3,105,57,38,
北京市,丰台小屯,116.2542,39.8764,2026-08-20T1100,37,62,0.8,23,3,114,54,59,颗粒物(PM10)
北京市,密云镇,116.8399,40.3843,2026-08-20T1100,23,30,0.7,7,3,111,60,35,
北京市,延庆百泉,115.9423,40.4431,2026-08-20T1100,16,25,0.5,5,3,119,84,38,
北京市,通州新华,116.6598,39.9164,2026-08-20T1100,37,54,0.7,11,1,122,61,54,细颗粒物(PM2.5)
北京市,石景山八角,116.1942,39.9158,2026-08-20T1100,47,64,0.8,39,3,86,46,74,细颗粒物(PM2.5)
北京市,平谷新城,117.078628,40.151726,2026-08-20T1100,26,44,0.7,10,3,101,62,44,
本溪市,大峪,123.8274146,41.31234549,2026-08-20T1100,6,13,0.6,8,5,108,40,34,
本溪市,彩屯,123.7169,41.3094,2026-08-20T1100,14,33,3.0,26,21,92,32,33,
本溪市,东明,123.7672166,41.28649327,2026-08-20T1100,6,37,NA,NA,4,116,42,NA,NA
本溪市,新立屯,123.799345,41.266614,2026-08-20T1100,3,18,0.5,6,7,114,43,36,
本溪市,威宁,123.829144,41.336777,2026-08-20T1100,7,11,0.4,6,6,102,38,32,
毕节市,八中,105.287,27.3133,2026-08-20T1100,8,18,0.5,11,4,59,37,19,
毕节市,师专,105.3079,27.2987,2026-08-20T1100,6,16,0.5,11,7,55,43,18,
毕节市,工业大道,105.3688,27.3598,2026-08-20T1100,3,18,/,5,14,66,46,21,
滨州市,第二水厂,117.9961,37.3604,2026-08-20T1100,28,46,0.7,NA,NA,141,63,NA,NA
滨州市,北中新校,117.9789,37.3931,2026-08-20T1100,18,39,0.7,12,10,149,79,47,
滨州市,中海酒店,117.9379,37.3959,2026-08-20T1100,17,41,0.5,10,12,172,99,65,臭氧1小时(O3_1h)
滨州市,开发区一中,117.9381509,37.35547456,2026-08-20T1100,34,44,0.3,10,13,153,73,49,
滨州市,金海六路,118.0914,37.6938,2026-08-20T1100,34,39,0.6,12,7,158,86,50,
长治市,长治八中,113.0845,36.1856,2026-08-20T1100,30,41,0.9,9,11,125,62,43,
长治市,德盛苑,113.1561,36.1912,2026-08-20T1100,22,24,1.1,7,11,119,64,38,
长治市,向阳小学,113.0603,36.0464,2026-08-20T1100,NA,NA,0.7,2,8,122,57,NA,NA
长治市,屯留一中,112.8788,36.315,2026-08-20T1100,30,NA,1.1,6,11,119,65,43,
长治市,英华南巷50号,113.113092,36.199482,2026-08-20T1100,30,32,1.2,4,13,124,54,43,
长治市,学府街1号,113.23666,36.33435,2026-08-20T1100,29,37,1.0,1,2,116,82,42,
常德市,市二中,111.696,28.9725,2026-08-20T1100,40,NA,0.8,5,8,103,98,60,细颗粒物(PM2.5)
常德市,武陵区永安,111.7152,29.0288,2026-08-20T1100,43,48,0.8,11,7,88,99,66,细颗粒物(PM2.5)
常德市,鼎城区玉霞,111.6891,28.9881,2026-08-20T1100,NA,NA,1.1,8,10,103,101,NA,NA
常德市,武陵区长庚,111.6651,29.0526,2026-08-20T1100,43,46,0.9,5,8,103,99,66,细颗粒物(PM2.5)
常州市,市监测站,119.9524,31.7586,2026-08-20T1100,11,32,0.4,6,12,49,21,32,
常州市,武进监测站,119.9351,31.703,2026-08-20T1100,3,18,0.8,11,6,54,20,18,
常州市,行政中心,119.9701,31.813,2026-08-20T1100,7,18,0.3,6,6,49,20,18,
常州市,经开区,120.0434,31.7726,2026-08-20T1100,10,26,0.5,8,10,46,20,26,
常州市,钟楼,119.8919,31.7892,2026-08-20T1100,3,29,0.4,10,7,49,18,29,
常州市,武进经发区,119.8595,31.706,2026-08-20T1100,10,21,0.8,8,5,58,21,21,
常州市,金坛城区,119.5812,31.7256,2026-08-20T1100,9,18,0.6,9,6,62,25,20,
常州市,崇义南街5-H号,119.9551,31.863,2026-08-20T1100,10,24,0.5,11,6,41,15,24,
朝阳市,西梁,120.4318,41.588,2026-08-20T1100,17,27,1.0,6,8,130,67,41,
朝阳市,河畔小区,120.452,41.565,2026-08-20T1100,27,46,1.0,7,12,133,88,46,
朝阳市,八里堡,120.4176,41.5648,2026-08-20T1100,25,50,1.2,6,13,141,81,50,
潮州市,市政府,116.6179,23.6608,2026-08-20T1100,6,NA,0.8,10,4,62,37,NA,NA
潮州市,金山,116.646,23.676,2026-08-20T1100,6,8,NA,6,2,61,32,NA,NA
郴州市,市职中,113.0116,25.8228,2026-08-20T1100,33,37,0.6,2,11,72,44,48,
郴州市,市审计局,113.0381,25.8074,2026-08-20T1100,37,NA,/,6,11,75,51,54,细颗粒物(PM2.5)
郴州市,市环保局,113.0348,25.7757,2026-08-20T1100,33,NA,0.5,8,12,75,54,48,
郴州市,好美居路49号,113.0138,25.8011,2026-08-20T1100,32,36,/,8,9,64,44,46,
成都市,金泉两河,103.9727,30.7242,2026-08-20T1100,8,12,0.6,10,2,64,22,20,
成都市,十里店,104.1423,30.6765,2026-08-20T1100,21,NA,0.9,11,7,77,34,30,
成都市,三瓦窑,104.0594,30.5765,2026-08-20T1100,23,NA,0.7,17,7,77,32,33,
成都市,沙河铺,104.1122,30.6306,2026-08-20T1100,22,34,0.8,18,6,55,23,34,
成都市,大石西路,104.0219,30.6561,2026-08-20T1100,12,12,0.6,16,7,47,20,18,
成都市,龙泉驿区区政府,104.2724,30.559,2026-08-20T1100,35,NA,0.8,15,5,95,44,50,
成都市,金博路,104.0028,30.6891,2026-08-20T1100,11,30,1.0,14,10,55,15,30,
成都市,华阳,104.056,30.5228,2026-08-20T1100,34,39,1.1,18,2,57,26,49,
成都市,青白江技师分院,104.387954,30.746684,2026-08-20T1100,42,NA,0.9,17,6,73,33,64,细颗粒物(PM2.5)
成都市,科学城,104.0788,30.4054,2026-08-20T1100,NA,54,1.0,24,7,54,35,NA,NA
成都市,光华大道三段,103.8505,30.6946,2026-08-20T1100,8,16,0.9,7,3,70,24,22,
成都市,八角井街185号,104.3257,30.6406,2026-08-20T1100,46,NA,0.6,17,8,89,36,72,细颗粒物(PM2.5)
成都市,鲸龙路1057号,104.2433276,30.53529463,2026-08-20T1100,30,42,1.0,17,9,102,42,43,
承德市,铁路,117.9531,40.908,2026-08-20T1100,25,NA,0.6,11,28,128,38,40,
承德市,中国银行,117.9397,40.9763,2026-08-20T1100,32,41,0.8,6,32,153,47,48,
承德市,杏林街1号,117.9462,40.95,2026-08-20T1100,27,57,NA,NA,20,146,47,NA,NA
承德市,滨河大街98号,117.7994,40.9605,2026-08-20T1100,42,NA,0.7,7,23,130,35,64,细颗粒物(PM2.5)
池州市,池州学院,117.4698,30.6617,2026-08-20T1100,20,35,0.5,21,7,100,61,35,
池州市,展览馆,117.4918,30.6617,2026-08-20T1100,17,40,0.4,16,6,105,61,40,
池州市,第八中学,117.5626,30.695,2026-08-20T1100,19,36,0.6,16,6,107,61,36,
池州市,第十二中学,117.5037,30.6242,2026-08-20T1100,NA,29,0.8,6,3,105,60,NA,NA
赤峰市,松山一中,118.9229,42.2816,2026-08-20T1100,8,18,0.6,5,9,144,92,45,
赤峰市,哈达街,118.9588,42.2733,2026-08-20T1100,16,18,0.7,18,10,101,62,32,
赤峰市,天义路,118.8792,42.2551,2026-08-20T1100,12,12,0.6,9,4,128,79,40,
赤峰市,银河街,119.2656,42.0356,2026-08-20T1100,28,40,0.9,8,6,120,60,40,
赤峰市,桥北物流园区,118.9359,42.3146,2026-08-20T1100,6,15,0.5,5,4,141,56,45,
崇左市,市环保局江州分局,107.3473,22.4137,2026-08-20T1100,12,32,0.6,8,6,60,21,32,
崇左市,石景林东路7号,107.375,22.3736,2026-08-20T1100,8,34,0.5,NA,NA,64,20,NA,NA
滁州市,市政府原办公楼,118.31131,32.3033,2026-08-20T1100,30,31,0.6,16,8,51,24,43,
滁州市,图书馆,118.3268,32.2633,2026-08-20T1100,20,35,0.5,15,9,53,22,35,
滁州市,银山路666号,118.3196,32.3335,2026-08-20T1100,23,38,0.5,12,5,48,24,38,
滁州市,黄山路555号,118.3426,32.2979,2026-08-20T1100,25,40,NA,15,11,44,19,NA,NA
楚雄彝族自治州,市经济开发区,101.5379,25.0492,2026-08-20T1100,16,23,0.4,8,4,63,25,23,
楚雄彝族自治州,团结路562号,101.5536,25.0343,2026-08-20T1100,22,NA,0.5,4,4,67,27,32,
达州市,市环境监测站,107.5087,31.2186,2026-08-20T1100,26,43,0.5,13,6,38,16,43,
达州市,凤凰小区,107.4988,31.2132,2026-08-20T1100,25,46,0.4,11,5,50,21,46,
达州市,达县机关宾馆,107.5081,31.1987,2026-08-20T1100,28,48,0.5,16,4,49,20,48,
达州市,市政中心,107.4644,31.2124,2026-08-20T1100,29,45,0.3,11,3,47,20,45,
大理白族自治州,大理市环境监测站,100.2168,25.5818,2026-08-20T1100,12,NA,0.3,10,NA,66,48,NA,NA
大理白族自治州,大理古城,100.1542,25.7055,2026-08-20T1100,12,NA,0.8,7,6,60,43,19,
大连市,甘井子,121.6119,38.974,2026-08-20T1100,14,23,0.8,10,6,130,104,41,
大连市,周水子,121.565,38.9509,2026-08-20T1100,17,29,0.8,20,11,108,90,34,
大连市,星海三站,121.5637,38.8849,2026-08-20T1100,15,21,0.6,6,6,111,83,35,
大连市,青泥洼桥,121.6301,38.9117,2026-08-20T1100,22,NA,0.9,8,NA,107,85,NA,NA
大连市,傅家庄,121.6248,38.8643,2026-08-20T1100,16,16,0.6,4,6,110,114,35,
大连市,七贤岭,121.5117,38.8636,2026-08-20T1100,12,20,0.6,10,7,108,90,34,
大连市,金州,121.7507,39.1339,2026-08-20T1100,17,18,0.7,8,4,99,70,31,
大连市,开发区,121.7811,39.0495,2026-08-20T1100,18,35,0.7,8,6,107,69,35,
大连市,双D港,121.9762,39.0631,2026-08-20T1100,17,22,0.7,4,6,100,74,32,
大连市,旅顺,121.2548,38.8188,2026-08-20T1100,18,29,0.8,9,8,102,64,32,
大庆市,大同区,124.8085,46.0381,2026-08-20T1100,15,50,0.6,6,NA,101,67,NA,NA
大庆市,龙凤区,125.1166,46.5255,2026-08-20T1100,18,33,NA,9,3,91,50,NA,NA
大庆市,红岗区,124.8894,46.4007,2026-08-20T1100,13,31,0.4,5,7,109,63,35,
大庆市,萨尔图区,125.1391,46.578,2026-08-20T1100,9,56,0.1,7,4,99,65,55,颗粒物(PM10)
大庆市,让胡路区,124.9026,46.6217,2026-08-20T1100,15,28,0.1,4,5,102,58,32,
大庆市,萨区政府监测点,125.127,46.6277,2026-08-20T1100,16,21,0.3,5,6,113,74,36,
大同市,云冈宾馆,113.2926,40.0759,2026-08-20T1100,25,42,0.6,15,11,108,50,42,
大同市,大同大学,113.3437,40.0921,2026-08-20T1100,18,39,0.7,9,6,109,63,39,
大同市,安家小村,113.2637,40.129,2026-08-20T1100,21,42,0.6,12,8,115,76,42,
大同市,大同市卫生学校,113.3399,40.0586,2026-08-20T1100,14,26,0.6,9,9,115,70,36,
大同市,云冈站,113.1371,40.1122,2026-08-20T1100,31,45,0.6,12,12,113,41,45,
大同市,图书馆,113.1186,40.2556,2026-08-20T1100,22,46,0.8,12,12,118,43,46,
大同市,区一中,113.5931,40.0459,2026-08-20T1100,11,36,0.6,7,7,119,76,38,
大同市,魏都大道141号,113.2798248,40.09972476,2026-08-20T1100,18,58,0.6,15,10,102,48,56,颗粒物(PM10)
大兴安岭地区,科技局,124.1068,50.4091,2026-08-20T1100,18,21,0.5,NA,NA,41,43,NA,NA
大兴安岭地区,红旗社区,124.117,50.4279,2026-08-20T1100,8,14,0.3,7,3,42,45,14,
丹东市,江湾东路,124.33,40.0625,2026-08-20T1100,14,18,0.6,8,2,93,52,30,
丹东市,临江后街,124.4242,40.1513,2026-08-20T1100,3,12,0.6,4,2,78,44,25,
丹东市,元宝山,124.3935,40.1461,2026-08-20T1100,7,12,0.6,7,5,71,32,23,
丹东市,民主桥,124.3634,40.1093,2026-08-20T1100,9,18,0.6,9,3,73,38,23,
儋州市,第一中学子站,109.5726195,19.51688767,2026-08-20T1100,3,6,0.4,3,2,56,52,18,
儋州市,东坡学校子站,109.5567,19.5187,2026-08-20T1100,3,19,0.4,NA,4,53,48,NA,NA
德宏傣族景颇族自治州,德宏州监测站,98.5611,24.4273,2026-08-20T1100,6,17,0.7,8,9,30,15,17,
德宏傣族景颇族自治州,芒市人民政府综合楼,98.5887,24.4366,2026-08-20T1100,11,34,0.9,10,8,26,14,34,
德阳市,东山公园,104.424,31.1209,2026-08-20T1100,26,NA,1.2,25,5,31,26,38,
德阳市,西小区,104.3827,31.1318,2026-08-20T1100,34,NA,1.0,55,11,28,26,49,
德阳市,耐火材料厂,104.3553,31.1091,2026-08-20T1100,49,NA,1.0,27,3,47,23,78,细颗粒物(PM2.5)
德阳市,市林业局,104.4144,31.1495,2026-08-20T1100,29,39,0.8,35,12,43,16,42,
德州市,儿童乐园,116.3034,37.4675,2026-08-20T1100,34,56,0.8,7,17,183,64,79,臭氧1小时(O3_1h)
德州市,监理站,116.2992,37.4449,2026-08-20T1100,27,63,0.7,12,16,178,70,73,臭氧1小时(O3_1h)
德州市,九衢泉纯净水厂,116.2722,37.438,2026-08-20T1100,35,58,0.9,14,16,169,59,62,臭氧1小时(O3_1h)
德州市,开发区人民医院,116.3693,37.44,2026-08-20T1100,38,48,0.8,10,10,152,67,56,细颗粒物(PM2.5)
德州市,陵城艺术中心,116.5687,37.3331,2026-08-20T1100,30,41,0.6,7,5,136,66,43,
德州市,新河东路,116.352738,37.420875,2026-08-20T1100,20,48,0.9,17,12,156,65,49,
迪庆藏族自治州,迪庆州站,99.7054,27.8319,2026-08-20T1100,14,24,0.3,10,11,79,53,25,
迪庆藏族自治州,质量技术监督局,99.7122,27.8129,2026-08-20T1100,11,25,0.3,16,9,71,58,25,
定西市,将台街,104.6092,35.5962,2026-08-20T1100,3,30,0.1,4,5,66,60,30,
定西市,正龙路62号,104.6159,35.5701,2026-08-20T1100,3,29,0.2,5,5,67,59,29,
定州市,交通局,114.9883,38.5232,2026-08-20T1100,48,94,0.8,11,3,115,59,82,颗粒物(PM10)
定州市,第五中学,115.0045,38.5136,2026-08-20T1100,49,85,0.6,10,6,110,53,78,细颗粒物(PM2.5)
东莞市,东城石井,113.7943,23.0132,2026-08-20T1100,3,12,0.6,7,6,67,41,21,
东莞市,南城西平,113.7384,22.9659,2026-08-20T1100,6,17,0.5,8,8,63,28,20,
东莞市,万江金泰,113.7283,23.041,2026-08-20T1100,6,10,0.8,10,4,61,37,20,
东莞市,裕兴路,113.8666,23.1062,2026-08-20T1100,3,11,0.4,5,2,57,36,18,
东莞市,教育路1号,114.0076,22.9739,2026-08-20T1100,3,16,0.6,9,9,60,39,19,
东莞市,长怡路1号,113.7981,22.8124,2026-08-20T1100,3,19,0.6,7,6,66,44,21,
东营市,市环保局,118.6612,37.4313,2026-08-20T1100,26,29,0.6,10,8,125,72,40,
东营市,开发区管委会,118.6903,37.4337,2026-08-20T1100,30,41,0.7,11,7,124,78,43,
东营市,垦利区民丰路,118.5721,37.5654,2026-08-20T1100,24,36,NA,14,2,118,67,NA,NA
东营市,河口城区,118.5063,37.8606,2026-08-20T1100,22,34,1.1,5,3,127,88,40,
东营市,胜利站,118.4979,37.4623,2026-08-20T1100,20,47,1.1,14,14,125,74,47,
东营市,理想之城,118.5753,37.4405,2026-08-20T1100,17,NA,0.7,NA,NA,124,51,NA,NA
鄂尔多斯市,综合楼,110.0024,39.8127,2026-08-20T1100,21,58,0.6,20,14,105,72,56,颗粒物(PM10)
鄂尔多斯市,巴音孟克林场办事处,109.9485,39.8259,2026-08-20T1100,21,41,0.4,12,9,120,80,41,
鄂尔多斯市,康泽苑,109.7734,39.5987,2026-08-20T1100,10,44,0.4,9,9,118,69,44,
鄂尔多斯市,华泰汽车城,109.8121,39.5987,2026-08-20T1100,9,34,0.7,9,3,99,43,34,
鄂尔多斯市,奥林花园,109.9734,39.7884,2026-08-20T1100,20,51,0.8,16,8,102,64,51,颗粒物(PM10)
鄂州市,市政府,114.894,30.3989,2026-08-20T1100,16,25,0.3,6,3,100,67,32,
鄂州市,赵家坝,114.8986,30.3714,2026-08-20T1100,15,43,0.6,8,3,115,70,43,
鄂州市,精准医疗中心,114.8093,30.4091,2026-08-20T1100,9,27,0.5,5,6,101,53,32,
恩施土家族苗族自治州,湖北民院,109.4978,30.2979,2026-08-20T1100,11,23,0.4,2,6,82,56,26,
恩施土家族苗族自治州,龙凤新区,109.5061,30.3771,2026-08-20T1100,9,13,0.4,4,6,74,46,24,
防城港市,沙万,108.3411,21.6159,2026-08-20T1100,22,33,0.6,7,4,82,54,33,
防城港市,防城档案局,108.3515,21.7733,2026-08-20T1100,20,33,0.7,8,4,73,48,33,
防城港市,大海花园,108.3506,21.6414,2026-08-20T1100,20,26,0.6,5,4,90,58,29,
佛山市,湾梁,113.1293,23.0065,2026-08-20T1100,6,14,/,9,/,58,35,19,
佛山市,华材职中,113.1082,23.0477,2026-08-20T1100,3,12,0.6,2,8,55,40,18,
佛山市,南海气象局,113.1439,23.045,2026-08-20T1100,11,33,/,10,/,50,34,33,
佛山市,顺德苏岗,113.2879,22.8094,2026-08-20T1100,7,17,0.5,20,/,63,35,20,
佛山市,高明孔堂,112.8384,22.8678,2026-08-20T1100,10,26,/,13,/,78,37,26,
佛山市,三水监测站,112.8835,23.1584,2026-08-20T1100,8,22,0.6,9,4,49,27,22,
佛山市,三水云东海,112.8668,23.185,2026-08-20T1100,10,NA,/,2,/,51,23,16,
佛山市,容桂街道办,113.2568,22.7629,2026-08-20T1100,10,17,/,13,/,70,41,22,
福州市,师大,119.2681,26.0506,2026-08-20T1100,3,10,0.2,6,4,41,18,13,
福州市,五四北路,119.2983,26.1028,2026-08-20T1100,4,NA,0.4,6,4,44,20,NA,NA
福州市,杨桥西路,119.2648,26.0769,2026-08-20T1100,3,14,/,9,3,39,16,14,
福州市,九龙,119.5799,26.0937,2026-08-20T1100,3,12,0.4,6,6,42,22,14,
福州市,吴航,119.5188,25.9666,2026-08-20T1100,3,6,0.7,6,7,42,25,14,
福州市,路通桥巷6号,119.3106,26.0648,2026-08-20T1100,7,12,/,6,/,38,17,12,
抚顺市,望花区,123.7974,41.8494,2026-08-20T1100,16,52,1.2,12,12,116,46,52,颗粒物(PM10)
抚顺市,顺城区,123.9161,41.8827,2026-08-20T1100,17,27,1.1,12,10,125,41,40,
抚顺市,东洲区,124.0437,41.8615,2026-08-20T1100,9,23,0.6,8,9,105,55,33,
抚顺市,新抚区,123.9246,41.8638,2026-08-20T1100,19,38,1.0,16,11,116,37,38,
抚顺市,大伙房水库,124.0972,41.8961,2026-08-20T1100,3,10,0.6,6,10,93,42,30,
抚顺市,沈抚新城,123.708,41.8386,2026-08-20T1100,6,22,1.0,9,9,115,46,36,
抚州市,市站,116.3544,27.9833,2026-08-20T1100,15,36,0.5,2,3,92,54,36,
抚州市,血防站,116.3562,27.9631,2026-08-20T1100,12,32,0.6,4,10,83,46,32,
抚州市,采茶剧团,116.3561,28.0007,2026-08-20T1100,20,38,0.7,6,18,105,54,38,
抚州市,医学分院,116.3854,27.9648,2026-08-20T1100,10,30,0.5,5,4,92,48,30,
阜新市,工业园区,121.6095,41.9978,2026-08-20T1100,19,44,0.9,4,4,151,75,48,
阜新市,长青街,121.6567,42.0188,2026-08-20T1100,18,54,0.8,10,7,146,73,53,颗粒物(PM10)
阜新市,农业园区,121.6672,42.07,2026-08-20T1100,26,50,1.1,10,4,156,93,50,
阜新市,玉龙新城,121.6343,42.0455,2026-08-20T1100,12,44,0.8,8,7,152,57,48,
阜阳市,市监测站,115.8276,32.8929,2026-08-20T1100,12,46,0.5,11,8,76,45,46,
阜阳市,开发区,115.8551,32.8606,2026-08-20T1100,10,34,0.3,10,6,72,37,34,
阜阳市,阜阳职业技术学院,115.783962,32.889217,2026-08-20T1100,10,36,0.5,7,5,75,48,36,
阜阳市,市规划展馆,115.79,32.8614,2026-08-20T1100,12,45,0.6,8,4,81,55,45,
阜阳市,枣园社区,115.835101,32.918568,2026-08-20T1100,9,27,0.3,9,3,72,33,27,
甘南藏族自治州,州政府,102.9097,34.9841,2026-08-20T1100,10,28,0.4,11,6,79,24,28,
甘南藏族自治州,甘肃民族师范学院,102.8915,34.9618,2026-08-20T1100,NA,NA,NA,10,NA,84,21,NA,NA
甘孜藏族自治州,水桥子,101.96,30.048,2026-08-20T1100,3,7,0.5,22,3,23,14,11,
甘孜藏族自治州,州环保局,101.9534,29.9976,2026-08-20T1100,NA,NA,NA,30,4,22,16,NA,NA
赣州市,地委,114.9368,25.8663,2026-08-20T1100,8,19,0.4,2,4,68,40,22,
赣州市,气象台,114.946,25.8483,2026-08-20T1100,11,21,0.2,6,8,73,32,23,
赣州市,市图书馆,114.932,25.8332,2026-08-20T1100,11,16,0.2,4,4,80,42,25,
赣州市,华坚鞋城,114.8905,25.8472,2026-08-20T1100,18,55,0.4,6,1,62,36,54,颗粒物(PM10)
赣州市,赣县区卫计委,115.0094,25.8614,2026-08-20T1100,3,NA,0.5,8,5,81,41,26,
固原市,监测站,106.2753,36.0057,2026-08-20T1100,20,NA,0.4,4,6,70,65,29,
固原市,新区,106.2384,36.0189,2026-08-20T1100,22,NA,NA,6,NA,73,59,NA,NA
广安市,市委,106.6307,30.4577,2026-08-20T1100,44,53,0.7,17,11,69,45,68,细颗粒物(PM2.5)
广安市,友谊中学,106.6266,30.4662,2026-08-20T1100,51,53,0.7,15,14,74,59,82,细颗粒物(PM2.5)
广安市,广电花园,106.6386,30.4551,2026-08-20T1100,48,87,0.7,19,12,63,43,77,颗粒物(PM10)
广安市,北辰小学,106.6347,30.4868,2026-08-20T1100,53,71,0.7,18,NA,82,58,NA,NA
广元市,老城,105.8211,32.4444,2026-08-20T1100,37,57,1.3,18,46,27,8,55,颗粒物(PM10)
广元市,监测站,105.8629,32.429,2026-08-20T1100,26,70,1.2,23,38,32,14,65,颗粒物(PM10)
广元市,经开区,105.8047,32.4167,2026-08-20T1100,NA,54,1.9,NA,NA,24,7,NA,NA
广州市,广雅中学,113.2346,23.1423,2026-08-20T1100,6,15,0.5,7,5,46,30,15,
广州市,市五中,113.2611,23.105,2026-08-20T1100,6,13,/,4,4,55,40,18,
广州市,广东商学院,113.3477,23.0916,2026-08-20T1100,3,10,0.4,8,5,53,32,17,
广州市,市八十六中,113.4332,23.105,2026-08-20T1100,3,9,/,8,6,55,30,18,
广州市,番禺中学,113.3506,22.9488,2026-08-20T1100,NA,NA,0.3,7,NA,64,31,NA,NA
广州市,花都师范,113.2147,23.3918,2026-08-20T1100,75,95,0.4,23,3,45,35,114,细颗粒物(PM2.5)
广州市,市监测站,113.2599,23.1329,2026-08-20T1100,8,14,/,2,2,51,34,16,
广州市,九龙镇镇龙,113.5618,23.3119,2026-08-20T1100,10,14,0.6,8,8,33,22,15,
广州市,麓湖,113.2764,23.1544,2026-08-20T1100,6,11,NA,4,NA,49,21,NA,NA
广州市,体育西,113.3209,23.1323,2026-08-20T1100,6,12,0.5,10,5,50,33,16,
广州市,从化街口,113.5718,23.5493,2026-08-20T1100,11,21,0.5,8,7,37,23,21,
广州市,白云竹料,113.3463,23.369,2026-08-20T1100,8,20,0.5,10,4,42,26,20,
广州市,白云嘉禾,113.2981,23.2365,2026-08-20T1100,7,14,/,10,6,44,34,14,
广州市,黄埔科学城,113.4256,23.1716,2026-08-20T1100,6,7,0.6,7,5,40,27,13,
广州市,番禺大学城,113.3942,23.0485,2026-08-20T1100,3,22,0.4,10,7,62,33,22,
广州市,南沙黄阁,113.4923,22.8169,2026-08-20T1100,10,25,/,16,9,70,42,25,
广州市,南沙街,113.534,22.7893,2026-08-20T1100,8,21,0.5,11,6,68,47,22,
广州市,花都梯面,113.2905,23.5541,2026-08-20T1100,10,19,/,6,4,60,30,19,
广州市,从化良口,113.786,23.7479,2026-08-20T1100,NA,NA,/,5,NA,42,29,NA,NA
广州市,增城荔城,113.805,23.2614,2026-08-20T1100,3,6,0.4,5,7,42,30,14,
贵港市,江南子站,109.604387,23.066791,2026-08-20T1100,17,31,0.7,7,6,80,34,31,
贵港市,荷城子站,109.5669,23.1065,2026-08-20T1100,15,22,0.6,NA,NA,77,43,NA,NA
贵港市,新世纪学校,109.5886,23.1172,2026-08-20T1100,24,NA,0.6,8,/,78,40,35,
贵港市,中山路155-3号,109.5933,23.095,2026-08-20T1100,22,33,0.6,7,/,88,45,33,
贵阳市,马鞍山,106.6863,26.6035,2026-08-20T1100,18,19,/,5,3,39,19,26,
贵阳市,鉴湖路,106.6241,26.6266,2026-08-20T1100,NA,NA,NA,4,13,59,39,NA,NA
贵阳市,燕子冲,106.7468,26.6344,2026-08-20T1100,21,27,0.5,8,6,58,32,30,
贵阳市,碧云窝,106.6556,26.4362,2026-08-20T1100,16,44,/,9,4,66,57,44,
贵阳市,红边门,106.6963,26.6063,2026-08-20T1100,14,22,/,5,5,65,44,22,
贵阳市,新华路,106.7162383,26.56964667,2026-08-20T1100,20,29,0.3,6,9,67,52,29,
贵阳市,太慈桥,106.6742,26.542,2026-08-20T1100,18,24,/,8,3,69,47,26,
贵阳市,花果园大街66号,106.688212,26.56952,2026-08-20T1100,16,26,/,10,3,58,44,26,
贵阳市,漓江路57号,106.687268,26.516892,2026-08-20T1100,NA,NA,0.3,NA,3,71,55,NA,NA
桂林市,龙隐路小学,110.3091,25.2705,2026-08-20T1100,28,30,0.4,5,6,78,64,40,
桂林市,八中,110.2849361,25.22909545,2026-08-20T1100,11,32,0.5,9,6,84,70,32,
桂林市,旅游学院,110.296,25.1254,2026-08-20T1100,17,23,0.4,2,3,82,73,26,
桂林市,环湖路276号,110.1835,25.2444,2026-08-20T1100,15,31,0.5,4,8,84,67,31,
桂林市,信义路13号,110.2803,25.2773,2026-08-20T1100,21,31,0.6,8,5,84,68,31,
果洛藏族自治州,玛沁县大武镇,100.2262,34.4854,2026-08-20T1100,7,15,0.4,3,16,74,40,24,
哈尔滨市,松北商大,126.5557,45.8109,2026-08-20T1100,14,17,0.5,7,6,96,44,30,
哈尔滨市,南岗学府路,126.6162,45.719,2026-08-20T1100,10,28,0.4,11,6,94,38,30,
哈尔滨市,太平宏伟公园,126.6894,45.7733,2026-08-20T1100,10,21,0.3,9,8,95,45,30,
哈尔滨市,道外承德广场,126.6361,45.7672,2026-08-20T1100,8,31,0.5,12,6,96,50,31,
哈尔滨市,动力和平路,126.644,45.7261,2026-08-20T1100,14,35,0.6,13,7,89,42,35,
哈尔滨市,道里建国路,126.5933,45.7479,2026-08-20T1100,8,20,0.8,3,6,100,47,32,
哈尔滨市,平房东轻厂,126.6127,45.6119,2026-08-20T1100,15,18,0.6,2,7,85,45,27,
哈尔滨市,呼兰师专,126.5875,45.9827,2026-08-20T1100,NA,NA,0.5,NA,NA,96,30,NA,NA
哈尔滨市,省农科院,126.6299,45.6799,2026-08-20T1100,9,42,0.4,15,5,80,32,42,
哈尔滨市,华山路1号,126.6769,45.7379,2026-08-20T1100,NA,NA,0.2,NA,NA,98,41,NA,NA
哈尔滨市,解放大街52号,126.9717,45.5356,2026-08-20T1100,3,19,0.5,2,8,75,39,24,
哈密市,地区监测站,93.5124,42.8176,2026-08-20T1100,7,34,0.2,7,20,98,78,34,
哈密市,哈密师范学校,93.5014,42.8312,2026-08-20T1100,7,35,0.4,15,7,87,62,35,
海北藏族自治州,海晏县西海镇,100.9016,36.9464,2026-08-20T1100,3,NA,0.2,NA,NA,122,70,NA,NA
海东市,平安区公安局北苑,102.074,36.5056,2026-08-20T1100,14,22,0.6,14,20,103,74,33,
海东市,滨河路,102.0984,36.5119,2026-08-20T1100,3,8,0.8,17,18,96,50,30,
海口市,海南大学,110.3189,20.0596,2026-08-20T1100,3,6,0.4,3,4,53,74,17,
海口市,秀英海南医院,110.2827,20.0051,2026-08-20T1100,3,12,0.3,7,6,53,73,17,
海口市,海南师范大学,110.3391,19.9979,2026-08-20T1100,3,11,0.3,3,2,49,72,16,
海口市,龙华路环保局宿舍,110.3303,20.0359,2026-08-20T1100,3,8,0.4,3,/,55,75,18,
海口市,桂林洋子站,110.5111,19.9737,2026-08-20T1100,3,8,/,8,/,36,60,12,
海口市,长滨二路9号,110.1952,20.0451,2026-08-20T1100,3,6,/,3,/,56,74,18,
海南藏族自治州,共和县恰卜恰镇,100.6158,36.2985,2026-08-20T1100,3,12,0.5,2,8,118,96,37,
海西蒙古族藏族自治州,德令哈市,97.373,37.376,2026-08-20T1100,3,6,0.5,2,12,136,134,43,
邯郸市,矿院,114.492,36.5712,2026-08-20T1100,39,48,0.7,2,2,141,76,58,细颗粒物(PM2.5)
邯郸市,丛台公园,114.4839,36.6136,2026-08-20T1100,59,NA,0.6,6,7,113,70,NA,NA
邯郸市,香泉濮院小区,114.7893,36.5592,2026-08-20T1100,53,NA,0.5,5,3,134,56,86,细颗粒物(PM2.5)
邯郸市,峰峰矿区临水派出所,114.1998,36.4439,2026-08-20T1100,48,52,0.5,5,NA,97,82,NA,NA
邯郸市,建安街268号,114.5209,36.7697,2026-08-20T1100,41,67,0.6,8,1,121,45,63,颗粒物(PM10)
邯郸市,丛台东路558号,114.5488,36.6177,2026-08-20T1100,55,63,0.5,7,3,115,69,90,细颗粒物(PM2.5)
汉中市,市监测站,107.0155,33.0707,2026-08-20T1100,18,32,0.6,9,4,57,20,32,
汉中市,鑫源开发区,107.0083,33.114,2026-08-20T1100,13,36,0.3,8,6,64,18,36,
汉中市,南郑大河坎水厂,107.0072,33.0323,2026-08-20T1100,10,34,0.7,8,3,60,17,34,
杭州市,滨江,120.2073,30.2111,2026-08-20T1100,3,18,0.4,11,4,38,18,18,
杭州市,西溪,120.0625,30.2737,2026-08-20T1100,7,18,0.5,7,4,29,13,18,
杭州市,下沙,120.3417,30.315,2026-08-20T1100,NA,NA,0.6,NA,110,44,21,NA,NA
杭州市,卧龙桥,120.1252,30.2465,2026-08-20T1100,7,17,0.5,8,5,35,12,17,
杭州市,浙江农大,120.1902,30.2691,2026-08-20T1100,7,13,0.5,12,6,38,16,13,
杭州市,和睦小学,120.1195,30.3121,2026-08-20T1100,8,14,0.7,6,6,37,20,14,
杭州市,临平镇,120.3076,30.4146,2026-08-20T1100,3,16,0.5,2,6,41,23,16,
杭州市,城厢镇,120.2753,30.1839,2026-08-20T1100,7,18,0.4,8,5,36,16,18,
杭州市,云栖,120.0883,30.1808,2026-08-20T1100,11,18,0.6,11,6,32,16,18,
杭州市,镇二中,119.9463,30.0496,2026-08-20T1100,10,17,0.5,12,6,31,13,17,
杭州市,市府大楼,119.7184,30.2367,2026-08-20T1100,12,NA,0.4,8,8,37,25,18,
杭州市,消防大队,120.1554,30.2863,2026-08-20T1100,3,13,0.7,7,NA,43,24,NA,NA
合肥市,明珠广场,117.1957,31.7845,2026-08-20T1100,13,31,0.6,13,10,86,62,31,
合肥市,三里街,117.307,31.8765,2026-08-20T1100,6,31,0.4,19,11,64,58,31,
衡水市,市监测站,115.6303,37.7318,2026-08-20T1100,25,53,0.8,3,7,132,74,53,颗粒物(PM10)
衡水市,市城管局,115.6684,37.7216,2026-08-20T1100,42,56,0.4,6,2,132,65,64,细颗粒物(PM2.5)
衡水市,地表水厂,115.599,37.5491,2026-08-20T1100,40,64,0.6,7,2,147,50,60,"颗粒物(PM10),细颗粒物(PM2.5)"
衡阳市,衡阳化工总厂,112.6209,26.9268,2026-08-20T1100,16,41,0.6,4,7,99,46,41,
衡阳市,珠晖区环保局,112.621,26.8957,2026-08-20T1100,13,39,0.9,9,6,95,44,39,
衡阳市,市委党校,112.628,26.8654,2026-08-20T1100,18,44,0.9,7,9,107,56,44,
衡阳市,市监测站,112.6007,26.8977,2026-08-20T1100,14,44,NA,5,NA,111,49,NA,NA
衡阳市,真空机电公司,112.5658,26.9013,2026-08-20T1100,17,34,1.1,6,6,112,55,35,
衡阳市,师范学院,112.6703,26.8817,2026-08-20T1100,20,36,1.0,4,10,112,52,36,
红河哈尼族彝族自治州,州图书馆,103.3757,23.3679,2026-08-20T1100,16,19,0.4,6,14,54,33,23,
红河哈尼族彝族自治州,蒙自市朝阳路,103.401,23.3561,2026-08-20T1100,16,NA,0.6,5,13,51,24,23,
呼和浩特市,呼市一监,111.6506,40.7517,2026-08-20T1100,15,44,0.7,NA,13,119,78,NA,NA
呼和浩特市,如意水处理厂,111.7516,40.8369,2026-08-20T1100,30,66,0.6,16,10,126,74,62,颗粒物(PM10)
呼和浩特市,二十九中,111.727798,40.806187,2026-08-20T1100,28,45,0.7,10,14,124,73,45,
呼和浩特市,化肥厂生活区,111.717,40.7617,2026-08-20T1100,37,65,0.6,13,10,126,74,61,颗粒物(PM10)
呼和浩特市,海东办,111.6519,40.8389,2026-08-20T1100,3,44,0.5,16,10,114,50,44,
呼和浩特市,成吉思汗西街8号,111.591512,40.827312,2026-08-20T1100,27,53,0.6,18,9,114,59,53,颗粒物(PM10)
呼和浩特市,公园东路75号,111.6597,40.8077,2026-08-20T1100,12,51,0.5,13,10,108,61,51,颗粒物(PM10)
呼和浩特市,金海路35号,111.5427,40.7846,2026-08-20T1100,28,NA,NA,NA,12,102,61,NA,NA
呼伦贝尔市,国华电力东,119.7511,49.1576,2026-08-20T1100,15,NA,0.3,13,5,49,26,22,
呼伦贝尔市,伊敏大街东7号,119.7569,49.2222,2026-08-20T1100,13,13,0.2,13,6,40,22,19,
湖州市,城西水厂,120.075,30.867,2026-08-20T1100,13,26,0.3,10,6,64,28,26,
湖州市,仁皇山新区,120.083,30.8929,2026-08-20T1100,13,26,0.4,12,5,60,25,26,
湖州市,吴兴区站,120.1846,30.8592,2026-08-20T1100,12,17,0.4,9,6,68,30,22,
湖州市,南浔区站,120.4146,30.8538,2026-08-20T1100,10,12,0.6,6,6,65,31,21,
葫芦岛市,龙港区,120.904878,40.721091,2026-08-20T1100,26,44,0.7,4,2,147,141,46,
葫芦岛市,化工街,120.8382,40.7521,2026-08-20T1100,NA,NA,0.9,NA,6,145,65,NA,NA
葫芦岛市,新区,120.8339,40.7078,2026-08-20T1100,22,40,0.9,3,4,131,105,41,
葫芦岛市,东城区,120.8697,40.7679,2026-08-20T1100,46,50,0.8,10,5,156,68,72,细颗粒物(PM2.5)
怀化市,河西地税局,109.9297,27.5383,2026-08-20T1100,27,34,/,7,6,60,62,39,
怀化市,市四医院,109.9783,27.5342,2026-08-20T1100,30,44,0.5,9,8,63,61,44,
怀化市,监测楼,109.9971,27.5579,2026-08-20T1100,34,38,0.4,9,3,55,50,49,
淮安市,钵池山,119.0566,33.5991,2026-08-20T1100,3,12,0.4,3,2,50,32,16,
淮安市,北京南路,119.0083,33.578,2026-08-20T1100,8,24,0.7,4,5,51,34,24,
淮安市,市监测站,118.9938,33.6083,2026-08-20T1100,6,7,0.7,6,7,50,33,16,
淮安市,楚州区监测站,119.135,33.5038,2026-08-20T1100,8,12,0.3,4,5,44,28,14,
淮安市,新华书店,118.8757,33.2897,2026-08-20T1100,10,NA,0.5,2,8,45,32,NA,NA
淮安市,枚皋中路89号,119.119691,33.550006,2026-08-20T1100,6,20,0.4,6,4,40,29,20,
淮安市,承德北路606号,119.028838,33.631911,2026-08-20T1100,6,14,0.3,2,6,51,32,16,
淮北市,监测站,116.8005,33.9749,2026-08-20T1100,NA,NA,0.4,7,3,55,47,NA,NA
淮北市,烈山区政府,116.8094,33.9008,2026-08-20T1100,15,31,0.4,4,4,63,47,31,
淮北市,市博物馆,116.7926,33.9534,2026-08-20T1100,20,28,0.5,7,4,65,52,29,
淮北市,杜集区第一实验学校,116.8322,33.9884,2026-08-20T1100,17,42,0.6,6,5,53,44,42,
淮南市,潘集区政府,116.8304,32.7726,2026-08-20T1100,8,24,0.4,9,7,80,41,25,
淮南市,谢家集区政府,116.8569,32.5949,2026-08-20T1100,6,10,0.4,6,10,96,47,30,
淮南市,八公山区政府,116.8279,32.6333,2026-08-20T1100,9,34,0.2,9,6,90,43,34,
淮南市,经济技术开发区消防队,117.0561,32.6536,2026-08-20T1100,6,28,0.3,8,10,83,42,28,
淮南市,山南新区,117.011,32.5891,2026-08-20T1100,11,30,0.3,13,15,94,43,30,
淮南市,国庆中路369号,117.003137,32.644456,2026-08-20T1100,6,29,0.4,7,13,84,43,29,
黄冈市,职工中心,114.9021,30.474,2026-08-20T1100,20,24,0.3,5,10,99,64,31,
黄冈市,红卫路,114.8858,30.4519,2026-08-20T1100,11,22,0.3,9,8,99,70,31,
黄冈市,市林业局,114.9134,30.4446,2026-08-20T1100,11,22,0.2,5,4,99,71,31,
黄南藏族自治州,同仁县隆务镇,102.02,35.5101,2026-08-20T1100,9,16,0.3,3,10,97,77,31,
黄山市,延安路89号,118.2905,29.6965,2026-08-20T1100,3,12,0.4,1,3,58,32,19,
黄山市,黄山区政府5号楼,118.1369,30.2755,2026-08-20T1100,10,25,0.5,2,4,77,28,25,
黄山市,滨江东路7-2号,118.335445,29.720283,2026-08-20T1100,3,24,/,1,/,56,49,24,
黄石市,沈家营,115.0547,30.2332,2026-08-20T1100,16,30,0.2,8,8,109,47,35,
黄石市,铁山,114.899,30.211,2026-08-20T1100,15,26,0.4,5,4,109,73,35,
黄石市,团城山,115.0259,30.2108,2026-08-20T1100,18,40,0.6,8,4,106,52,40,
黄石市,笔架山北路,115.0174,30.1591,2026-08-20T1100,16,35,0.4,19,8,112,65,35,
黄石市,磁湖东路29号,115.078022,30.21118,2026-08-20T1100,25,51,NA,13,6,104,39,NA,NA
惠州市,河南岸金山湖子站,114.4181,23.0528,2026-08-20T1100,6,14,0.6,8,8,57,38,18,
惠州市,下埔横江三路子站,114.4055,23.0824,2026-08-20T1100,6,11,0.4,5,4,56,36,18,
惠州市,惠阳区承修路船湖子站,114.4645,22.7832,2026-08-20T1100,3,6,0.6,6,2,68,48,22,
惠州市,大亚湾管委会子站,114.5316,22.7423,2026-08-20T1100,3,7,0.6,12,4,60,42,19,
惠州市,惠阳秋长,114.4334,22.8134,2026-08-20T1100,3,9,/,4,/,69,46,22,
惠州市,大亚湾霞涌,114.6521,22.7755,2026-08-20T1100,3,6,/,2,/,68,52,22,
惠州市,文华一路1号,114.4089,23.1147,2026-08-20T1100,6,11,/,3,/,50,36,16,
鸡西市,环保局,130.9618,45.2926,2026-08-20T1100,8,30,0.4,5,4,68,26,30,
鸡西市,第一中学,130.9294,45.2959,2026-08-20T1100,12,NA,0.2,3,3,64,24,20,
鸡西市,欧美日汽修厂,131.0069,45.2988,2026-08-20T1100,6,15,0.3,10,4,71,25,23,
吉安市,红声器材厂,114.9753,27.0803,2026-08-20T1100,18,47,NA,7,NA,113,58,NA,NA
吉安市,市环境监测站,114.9903,27.1313,2026-08-20T1100,24,43,/,9,14,110,62,43,
吉安市,青原区法院,115.009527,27.096792,2026-08-20T1100,24,38,0.3,9,7,117,69,38,
吉林市,哈达湾,126.54,43.8622,2026-08-20T1100,8,15,0.3,4,7,85,42,27,
吉林市,东局子,126.5843,43.8358,2026-08-20T1100,13,19,0.4,8,5,79,43,25,
吉林市,电力学院,126.5051,43.8243,2026-08-20T1100,8,8,0.4,2,6,89,39,28,
吉林市,江北,126.6133,43.8971,2026-08-20T1100,8,23,0.0,8,5,90,39,29,
吉林市,江南公园,126.5549,43.8304,2026-08-20T1100,10,16,0.2,3,3,92,47,29,
吉林市,九站,126.4737,43.953,2026-08-20T1100,8,26,0.4,5,4,98,51,31,
济南市,科干所,116.9866,36.6118,2026-08-20T1100,25,41,NA,17,7,144,76,NA,NA
济南市,农科所,116.9379,36.6652,2026-08-20T1100,22,49,0.5,17,5,135,35,49,
济南市,开发区,117.1265,36.6736,2026-08-20T1100,19,42,0.5,16,7,152,68,48,
济南市,省种子仓库,117.0616,36.6865,2026-08-20T1100,22,53,0.8,20,7,131,44,53,颗粒物(PM10)
济南市,机床二厂,116.9495185,36.644937,2026-08-20T1100,29,56,0.6,23,8,153,52,55,颗粒物(PM10)
济南市,市监测站,117.0496,36.6629,2026-08-20T1100,25,56,0.7,21,7,147,57,55,颗粒物(PM10)
济南市,长清党校,116.7674,36.5458,2026-08-20T1100,6,24,0.4,NA,5,109,49,NA,NA
济南市,东山小学,117.5323,36.6865,2026-08-20T1100,7,24,0.2,13,4,121,50,38,
济南市,泰兴公司,117.7181,36.205,2026-08-20T1100,3,17,0.3,4,4,76,37,24,
济南市,莱芜战役纪念馆,117.6861,36.2172,2026-08-20T1100,6,24,0.3,7,4,80,48,25,
济南市,济阳区政府,117.1673,36.9782,2026-08-20T1100,17,49,0.5,12,8,137,70,49,
济南市,锦屏中学,117.1168,36.6299,2026-08-20T1100,21,39,0.4,7,4,138,63,44,
济南市,山财大街5号,117.7107,36.2385,2026-08-20T1100,3,9,NA,6,7,82,58,NA,NA
济南市,无影山路12号,116.9744,36.6889,2026-08-20T1100,19,41,0.6,16,3,128,39,41,
济宁市,火炬城,116.6229,35.4288,2026-08-20T1100,9,36,0.9,7,9,66,37,36,
济宁市,北湖一中,116.5808,35.3703,2026-08-20T1100,19,33,0.8,11,7,68,46,33,
济宁市,服务中心,116.8251,35.5592,2026-08-20T1100,20,40,0.3,8,2,70,39,40,
济宁市,市第七中学,116.5907,35.4054,2026-08-20T1100,18,40,0.5,11,11,67,44,40,
济宁市,任和路,116.6075,35.4566,2026-08-20T1100,14,39,0.7,7,4,64,29,39,
济宁市,文体南路1号,116.5648,35.3921,2026-08-20T1100,14,40,0.4,NA,10,67,46,NA,NA
济源市,市委党校,112.6071,35.1015,2026-08-20T1100,35,47,0.7,6,4,93,60,50,
济源市,沁园中路1号,112.596,35.0702,2026-08-20T1100,30,44,0.7,8,2,100,72,44,
佳木斯市,佳纺,130.2749,46.8028,2026-08-20T1100,3,22,0.3,6,3,78,30,25,
佳木斯市,环保局,130.3258,46.7975,2026-08-20T1100,8,28,0.3,NA,NA,70,37,NA,NA
佳木斯市,顺和街,130.363,46.806,2026-08-20T1100,3,27,0.3,6,2,74,27,27,
佳木斯市,长安路196号,130.3952,46.8268,2026-08-20T1100,3,28,0.3,8,4,72,27,28,
嘉兴市,清河小学,120.7439,30.778,2026-08-20T1100,6,17,0.3,NA,8,50,26,NA,NA
嘉兴市,嘉兴学院,120.7261,30.7477,2026-08-20T1100,6,13,0.4,7,2,51,28,16,
嘉兴市,南湖区残联,120.7845,30.7524,2026-08-20T1100,8,18,0.4,8,5,51,24,18,
嘉兴市,秀洲住建,120.6915,30.7741,2026-08-20T1100,3,14,0.4,5,3,51,25,16,
嘉峪关市,气象局,98.291,39.7705,2026-08-20T1100,8,29,0.4,9,7,116,107,37,
嘉峪关市,酒钢宾馆,98.2672,39.7978,2026-08-20T1100,8,36,1.7,23,14,109,105,36,
嘉峪关市,雄关区,98.2644,39.7723,2026-08-20T1100,8,25,0.2,11,NA,115,113,NA,NA
江门市,北街,113.1063,22.6058,2026-08-20T1100,18,25,/,21,/,56,46,26,
江门市,西区,113.073,22.5835,2026-08-20T1100,16,41,/,20,/,63,46,41,
江门市,圭峰西,113.0218,22.531,2026-08-20T1100,15,16,/,17,/,60,46,22,
江门市,江海富民,113.1077,22.5647,2026-08-20T1100,17,31,0.4,20,/,62,47,31,
江门市,新会银湖,113.0496,22.4669,2026-08-20T1100,13,20,0.5,11,2,58,42,20,
江门市,五邑大学,113.0794,22.5999,2026-08-20T1100,18,32,0.4,24,7,54,42,32,
焦作市,马村街道办,113.3137,35.2643,2026-08-20T1100,31,35,0.4,8,6,97,67,45,
焦作市,焦作技师学院,113.2464,35.2374,2026-08-20T1100,28,38,0.5,5,NA,109,64,NA,NA
焦作市,中站许衡医院,113.1656,35.2536,2026-08-20T1100,22,NA,0.4,4,8,116,80,37,
焦作市,原李万街道办,113.2456,35.18,2026-08-20T1100,24,43,0.4,4,4,115,74,43,
焦作市,新安路1731号,113.234,35.219,2026-08-20T1100,34,NA,0.5,6,5,110,72,49,
焦作市,人民路3066号,113.2722,35.2121,2026-08-20T1100,36,38,0.6,3,6,107,67,52,细颗粒物(PM2.5)
揭阳市,新兴,116.3701,23.5345,2026-08-20T1100,11,13,0.7,15,9,46,35,16,
揭阳市,西马,116.3261,23.5442,2026-08-20T1100,7,8,0.7,8,4,53,37,17,
揭阳市,东兴,116.361,23.5627,2026-08-20T1100,3,NA,/,12,7,39,34,13,
揭阳市,渔湖,116.4151,23.5295,2026-08-20T1100,14,NA,/,14,6,46,33,20,
揭阳市,曲溪,116.4028,23.5699,2026-08-20T1100,3,10,0.5,11,5,38,30,12,
金昌市,天庆家园,102.1691,38.5166,2026-08-20T1100,26,97,0.3,19,80,122,62,84,颗粒物(PM10)
金昌市,金川区人防中心,102.1648,38.5369,2026-08-20T1100,22,78,0.3,12,41,127,74,70,颗粒物(PM10)
金昌市,长春路96号,102.193042,38.531887,2026-08-20T1100,20,70,0.1,7,24,130,67,65,颗粒物(PM10)
金华市,十五中,119.6478,29.0773,2026-08-20T1100,9,22,0.4,10,3,45,27,22,
金华市,监测站,119.6859,29.1032,2026-08-20T1100,9,24,0.4,10,2,48,26,24,
金华市,气象局,119.656,29.1132,2026-08-20T1100,8,17,0.4,7,4,59,34,19,
锦州市,南山,121.1114,41.0879,2026-08-20T1100,18,47,0.9,9,7,156,100,49,
锦州市,开发区,121.060361,40.842794,2026-08-20T1100,24,46,0.8,7,5,150,109,47,
锦州市,百股街道,121.1836,41.1118,2026-08-20T1100,NA,NA,NA,16,4,165,92,NA,NA
锦州市,天安街道,121.1176,41.1224,2026-08-20T1100,26,39,1.2,14,8,160,109,50,
锦州市,北湖公园,121.1303,41.1385,2026-08-20T1100,26,100,0.8,11,6,164,114,86,颗粒物(PM10)
晋城市,自来水公司,112.8496,35.5051,2026-08-20T1100,11,43,0.6,8,5,131,62,43,
晋城市,市环保局,112.8509,35.4886,2026-08-20T1100,17,38,0.5,6,3,124,55,39,
晋城市,泽州一中,112.8258,35.4804,2026-08-20T1100,26,42,0.7,8,4,123,64,42,
晋城市,前书院路,112.8246,35.5152,2026-08-20T1100,15,57,0.9,4,6,139,64,55,颗粒物(PM10)
晋城市,祥云街666号,112.8864,35.4773,2026-08-20T1100,15,67,0.6,8,5,103,46,63,颗粒物(PM10)
晋中市,榆次区政府,112.6992,37.6984,2026-08-20T1100,34,39,0.5,2,9,112,85,49,
晋中市,榆次三中,112.7195,37.683,2026-08-20T1100,35,41,0.3,3,8,114,79,50,
晋中市,广安街188号,112.7375,37.7215,2026-08-20T1100,26,37,0.4,2,6,115,82,38,
晋中市,迎宾街26号,112.7478,37.6954,2026-08-20T1100,32,36,0.6,2,9,111,75,46,
荆门市,竹园小学,112.2012,31.048,2026-08-20T1100,50,76,0.8,4,9,99,89,80,细颗粒物(PM2.5)
荆门市,掇刀,112.1968,30.9892,2026-08-20T1100,43,44,0.7,5,8,108,102,66,细颗粒物(PM2.5)
荆门市,西山林语,112.1849,31.0361,2026-08-20T1100,47,74,0.8,6,8,106,97,74,细颗粒物(PM2.5)
荆门市,龙泉中学南校,112.1631,31.0134,2026-08-20T1100,37,53,0.9,7,7,118,118,54,细颗粒物(PM2.5)
荆门市,新台西路6号,112.2213,31.0654,2026-08-20T1100,47,63,0.8,7,8,103,78,74,细颗粒物(PM2.5)
荆州市,市图书馆,112.2493,30.3198,2026-08-20T1100,31,38,0.8,6,5,115,87,45,
荆州市,市委党校,112.2009,30.3543,2026-08-20T1100,34,47,0.7,5,6,116,85,49,
荆州市,管委会,112.2749,30.3124,2026-08-20T1100,31,32,0.7,4,5,109,81,45,
荆州市,学苑路85号,112.1722,30.3366,2026-08-20T1100,37,42,0.5,5,4,120,86,54,细颗粒物(PM2.5)
景德镇市,老干部活动中心,117.2114,29.2931,2026-08-20T1100,11,13,0.5,3,3,71,38,23,
景德镇市,兽医站,117.1893,29.2789,2026-08-20T1100,7,26,NA,2,4,72,39,NA,NA
景德镇市,陶研所,117.246,29.2958,2026-08-20T1100,13,15,0.4,3,4,65,29,21,
景德镇市,青少年活动中心,117.154766,29.256967,2026-08-20T1100,8,22,/,8,10,58,33,22,
九江市,十里,115.9873,29.6816,2026-08-20T1100,12,44,0.6,10,3,134,92,44,
九江市,茅山头,115.9583,29.7047,2026-08-20T1100,NA,NA,NA,NA,4,125,84,NA,NA
九江市,西园,115.9877,29.7295,2026-08-20T1100,19,29,0.3,13,5,122,89,39,
九江市,综合工业园,115.9112,29.6038,2026-08-20T1100,11,28,0.6,12,4,125,90,40,
九江市,外国语学校,116.0254,29.6995,2026-08-20T1100,15,49,0.5,NA,7,140,95,NA,NA
九江市,莲花大道8号,116.010205,29.659402,2026-08-20T1100,14,42,0.5,7,8,105,75,42,
酒泉市,玉门东路5号,98.495752,39.733935,2026-08-20T1100,11,34,0.2,5,7,108,90,34,
酒泉市,北大街108号,98.5099,39.7506,2026-08-20T1100,3,39,0.2,4,11,114,95,39,
喀什地区,巡警大队,76.0071,39.466,2026-08-20T1100,107,306,0.5,44,6,41,52,178,颗粒物(PM10)
喀什地区,吾办,75.9756,39.4693,2026-08-20T1100,74,275,0.6,16,6,62,60,163,颗粒物(PM10)
喀什地区,老干局,75.9485,39.4688,2026-08-20T1100,72,323,0.5,22,4,38,55,187,颗粒物(PM10)
开封市,肿瘤医院,114.3389,34.778,2026-08-20T1100,53,53,0.7,9,5,125,78,86,细颗粒物(PM2.5)
开封市,世纪星幼儿园,114.2884,34.7966,2026-08-20T1100,62,NA,0.6,7,5,123,77,102,细颗粒物(PM2.5)
开封市,龙亭公园,114.3434,34.8101,2026-08-20T1100,47,73,0.8,4,4,118,68,74,细颗粒物(PM2.5)
开封市,汴京公园,114.3645,34.7955,2026-08-20T1100,51,76,0.5,5,6,120,72,82,细颗粒物(PM2.5)
开封市,技师学院,114.2485,34.8306,2026-08-20T1100,46,53,1.0,4,3,120,67,72,细颗粒物(PM2.5)
开封市,祥符区生态环境局,114.4518,34.7503,2026-08-20T1100,47,66,0.7,12,9,105,62,74,细颗粒物(PM2.5)
克拉玛依市,长征新村,84.886,45.6029,2026-08-20T1100,3,32,0.4,24,4,74,85,32,
克拉玛依市,南林小区,84.8894,45.5827,2026-08-20T1100,3,39,0.2,23,3,59,63,39,
克拉玛依市,独山子区,84.896,44.3328,2026-08-20T1100,3,49,0.4,6,13,99,83,49,
克拉玛依市,乌尔禾区商贸楼,85.6888,46.0909,2026-08-20T1100,10,67,0.6,26,6,29,46,63,颗粒物(PM10)
克拉玛依市,白碱滩区新站,85.1045,45.6895,2026-08-20T1100,3,46,0.3,18,5,79,70,46,
克孜勒苏柯尔克孜自治州,市人民政府,76.1457,39.7143,2026-08-20T1100,21,63,0.1,9,4,93,91,60,颗粒物(PM10)
克孜勒苏柯尔克孜自治州,克州文化中心,76.1654,39.7157,2026-08-20T1100,12,60,0.3,14,5,88,92,58,颗粒物(PM10)
昆明市,呈贡新区,102.8203,24.889,2026-08-20T1100,17,28,0.6,6,2,69,44,28,
昆明市,龙泉镇,102.7253,25.0904,2026-08-20T1100,14,NA,0.4,9,6,66,30,21,
昆明市,东风东路,102.7267,25.0378,2026-08-20T1100,15,16,0.3,10,2,69,45,22,
昆明市,金鼎山,102.6744,25.0671,2026-08-20T1100,16,22,0.3,9,4,67,44,23,
昆明市,碧鸡广场,102.6643,25.0401,2026-08-20T1100,10,20,0.6,10,6,66,47,21,
昆明市,官渡区博物馆,102.7491,25.012,2026-08-20T1100,10,18,0.5,11,4,67,30,21,
昆明市,青年创业园,102.8016,24.8336,2026-08-20T1100,NA,NA,0.7,7,NA,68,47,NA,NA
昆明市,昆明学院,102.8,24.9787,2026-08-20T1100,13,27,NA,14,NA,56,30,NA,NA
昆明市,晋宁区生态环境分局,102.5969,24.6738,2026-08-20T1100,20,NA,0.8,10,4,66,53,29,
昆明市,云天化总部,102.6673,24.9861,2026-08-20T1100,13,21,0.7,12,5,66,35,21,
拉萨市,八廓街,91.132,29.6515,2026-08-20T1100,3,10,NA,10,7,68,66,NA,NA
拉萨市,市环保局,91.1221,29.6748,2026-08-20T1100,21,21,0.4,11,9,63,67,30,
拉萨市,区监测站,91.0874,29.6476,2026-08-20T1100,NA,NA,NA,14,6,59,68,NA,NA
拉萨市,西藏大学,91.1774,29.6541,2026-08-20T1100,3,18,0.3,16,6,62,68,20,
拉萨市,区辐射站,90.9798,29.6586,2026-08-20T1100,3,8,0.4,28,8,47,69,15,
拉萨市,拉萨火车站,91.0831,29.6292,2026-08-20T1100,6,14,0.4,13,5,65,66,21,
来宾市,来宾技工学校,109.2203,23.7252,2026-08-20T1100,19,34,0.8,8,9,93,54,34,
来宾市,兴宾区政府,109.1781,23.7293,2026-08-20T1100,18,27,0.7,8,10,91,56,29,
来宾市,中南小学,109.2312,23.7428,2026-08-20T1100,18,33,0.7,8,9,91,51,33,
兰州市,铁路设计院,103.8309,36.0467,2026-08-20T1100,12,45,0.7,34,13,98,56,45,
兰州市,百合公园,103.7439,36.0841,2026-08-20T1100,14,45,0.7,19,33,113,45,45,
兰州市,和平,103.9613,35.9985,2026-08-20T1100,12,46,0.4,7,11,95,71,46,
兰州市,庄浪东路808号,103.629272,36.093822,2026-08-20T1100,23,45,0.6,28,39,133,70,45,
兰州市,安宁西路88号,103.7251,36.104344,2026-08-20T1100,21,43,0.4,12,31,135,68,43,
兰州市,北滨河东路1号,103.846982,36.067567,2026-08-20T1100,17,39,0.7,25,15,104,35,39,
廊坊市,药材公司,116.6712,39.5109,2026-08-20T1100,34,44,0.5,5,2,138,82,49,
廊坊市,开发区,116.7215,39.5592,2026-08-20T1100,38,55,0.5,4,3,148,64,56,细颗粒物(PM2.5)
廊坊市,北华航天学院,116.7246,39.5273,2026-08-20T1100,41,56,0.4,9,2,146,73,62,细颗粒物(PM2.5)
廊坊市,河北工业大学,116.7022,39.5454,2026-08-20T1100,36,48,0.5,5,3,140,82,52,细颗粒物(PM2.5)
乐山市,牛耳桥,103.7629,29.5844,2026-08-20T1100,25,40,0.7,15,7,66,23,40,
乐山市,市第三水厂,103.7501,29.6002,2026-08-20T1100,39,NA,1.0,15,5,64,28,58,细颗粒物(PM2.5)
乐山市,市监测站,103.7571,29.5664,2026-08-20T1100,27,42,0.9,14,4,59,22,42,
乐山市,理工大学,103.7313,29.563,2026-08-20T1100,28,38,0.8,13,3,62,22,40,
丽江市,丽江古城,100.2497,26.8802,2026-08-20T1100,6,12,0.6,NA,NA,66,37,NA,NA
丽江市,市中心,100.2203,26.8906,2026-08-20T1100,3,NA,0.7,10,6,64,34,20,
丽水市,监测站大楼,119.9141,28.4513,2026-08-20T1100,6,14,0.5,6,5,29,19,14,
丽水市,莲都小学,119.93,28.4589,2026-08-20T1100,3,14,/,7,/,30,22,14,
丽水市,余庄前,119.8794,28.4232,2026-08-20T1100,7,18,0.5,10,4,30,10,18,
连云港市,市环境监测站,119.1759,34.5885,2026-08-20T1100,3,12,0.3,2,8,60,42,19,
连云港市,德源药业,119.3577,34.6971,2026-08-20T1100,3,12,0.3,11,6,52,27,17,
连云港市,新城一中,119.178,34.8442,2026-08-20T1100,NA,NA,NA,NA,11,40,22,NA,NA
连云港市,胡沟管理处,119.3607,34.7519,2026-08-20T1100,3,7,0.4,13,10,44,26,14,
连云港市,矿山设计院,119.1478,34.5913,2026-08-20T1100,9,14,0,1,5,58,40,19,
连云港市,工贸学校,119.2414,34.6539,2026-08-20T1100,15,25,0.3,3,8,67,45,25,
连云港市,连云街道,119.4171,34.734,2026-08-20T1100,9,16,0.4,14,3,43,32,16,
凉山彝族自治州,西昌市政府,102.2629,27.8981,2026-08-20T1100,16,74,0.6,NA,4,53,28,NA,NA
凉山彝族自治州,凉山州政府,102.2686,27.885,2026-08-20T1100,15,19,0.7,10,5,56,31,22,
凉山彝族自治州,凯乐南路30号,102.2342,27.8859,2026-08-20T1100,14,14,0.6,14,7,47,27,20,
辽阳市,宏伟区,123.1978,41.2036,2026-08-20T1100,6,37,0.5,4,6,119,83,38,
辽阳市,新华园,123.1684,41.2497,2026-08-20T1100,NA,25,0.5,8,6,142,87,NA,NA
辽阳市,滨河路,123.2355,41.2663,2026-08-20T1100,9,29,0.8,7,8,117,72,37,
辽阳市,铁西路150号,123.153,41.2874,2026-08-20T1100,11,26,0.9,6,6,117,73,37,
辽源市,环保局,125.1359,42.8845,2026-08-20T1100,10,28,0.7,NA,5,108,43,NA,NA
辽源市,安宁大街333号,125.0998,42.9134,2026-08-20T1100,8,20,0.4,3,7,114,42,36,
聊城市,区政府,115.9789,36.4372,2026-08-20T1100,24,40,0.6,5,13,108,48,40,
聊城市,监控中心,115.9772,36.4986,2026-08-20T1100,22,41,0.8,7,NA,117,44,NA,NA
聊城市,九州社区,116.0443,36.436,2026-08-20T1100,33,54,0.7,8,21,114,58,53,颗粒物(PM10)
聊城市,星美广场,116.0564,36.4609,2026-08-20T1100,28,47,0.6,6,12,111,48,47,
聊城市,利民路,116.0091,36.4495,2026-08-20T1100,30,45,0.6,8,17,119,50,45,
林芝市,林芝监测站,94.3683,29.6373,2026-08-20T1100,3,13,0.3,6,3,20,14,13,
林芝市,林芝人民医院,94.3616,29.6634,2026-08-20T1100,3,17,0.3,10,4,20,16,17,
临沧市,市环保局,100.0779,23.8981,2026-08-20T1100,NA,NA,0.8,10,NA,39,16,NA,NA
临沧市,市气象局,100.0894,23.882,2026-08-20T1100,12,27,0.9,11,10,44,22,27,
临汾市,临钢医院,111.5552,36.0791,2026-08-20T1100,24,25,0.6,10,7,99,62,35,
临汾市,技工学校,111.4984,36.0734,2026-08-20T1100,30,52,0.6,11,5,104,67,52,颗粒物(PM10)
临汾市,市委,111.5017,36.0857,2026-08-20T1100,20,66,0.6,8,9,105,68,62,颗粒物(PM10)
临汾市,唐尧大酒店,111.5048,36.1015,2026-08-20T1100,NA,NA,NA,NA,7,103,64,NA,NA
临汾市,启星学校,111.4879,36.053,2026-08-20T1100,32,42,0.8,10,6,100,64,46,
临夏回族自治州,滨河东路1号,103.2464,35.6123,2026-08-20T1100,15,49,0.3,15,8,100,58,49,
临夏回族自治州,新华街21号,103.207136,35.599807,2026-08-20T1100,16,54,0.4,14,11,87,45,53,颗粒物(PM10)
临沂市,沂河小区,118.3429,35.0532,2026-08-20T1100,3,22,0.2,7,13,50,33,22,
临沂市,鲁南制药厂,118.2962,35.0568,2026-08-20T1100,3,12,NA,9,11,43,33,NA,NA
临沂市,新光毛纺厂,118.2793,34.9976,2026-08-20T1100,3,12,0.4,14,9,57,40,18,
临沂市,河东保险公司,118.3955,35.0889,2026-08-20T1100,3,12,0.6,14,13,52,26,17,
临沂市,十里堡居委,118.3563,35.0215,2026-08-20T1100,3,9,0.5,10,11,49,28,16,
临沂市,南坊新区,118.359,35.1067,2026-08-20T1100,6,31,0.4,NA,NA,57,27,NA,NA
临沂市,皇山花园小区,118.3915,35.0297,2026-08-20T1100,3,7,0.6,10,11,54,30,17,
柳州市,柳东小学,109.4854,24.3898,2026-08-20T1100,16,23,0.8,4,5,80,49,25,
柳州市,环保监测站,109.4109,24.3304,2026-08-20T1100,14,24,0.8,8,5,76,47,24,
柳州市,河西水厂,109.3886,24.3408,2026-08-20T1100,13,27,0.6,7,9,77,44,27,
柳州市,市四中,109.4263,24.2951,2026-08-20T1100,16,35,0.7,5,7,82,51,35,
柳州市,市九中,109.396,24.3658,2026-08-20T1100,15,25,0.6,4,7,76,43,25,
柳州市,古亭山,109.4912,24.3164,2026-08-20T1100,14,40,0.8,6,4,81,48,40,
柳州市,市二中,109.5422,24.3994,2026-08-20T1100,17,31,0.6,4,8,92,52,31,
六安市,监测大楼,116.5078,31.7369,2026-08-20T1100,8,14,0.4,3,5,100,53,32,
六安市,皖西学院,116.4738,31.7642,2026-08-20T1100,12,38,0.6,7,9,110,70,38,
六安市,朝阳厂,116.4997,31.7904,2026-08-20T1100,NA,NA,0.3,10,4,89,57,NA,NA
漯河市,漯河大学,114.0055,33.5698,2026-08-20T1100,52,82,0.8,11,7,90,62,84,细颗粒物(PM2.5)
漯河市,市水利局,114.0134,33.5826,2026-08-20T1100,49,73,0.4,10,8,90,60,78,细颗粒物(PM2.5)
漯河市,市广电局,114.0261,33.5697,2026-08-20T1100,36,56,0.7,9,6,92,60,55,颗粒物(PM10)
漯河市,市图书馆,113.9691,33.568,2026-08-20T1100,48,83,0.8,8,8,84,59,76,细颗粒物(PM2.5)
漯河市,韶山路11号,114.089259,33.588274,2026-08-20T1100,49,88,0.7,6,8,91,49,78,"颗粒物(PM10),细颗粒物(PM2.5)"
马鞍山市,湖东路四小,118.5084,31.6838,2026-08-20T1100,15,48,0.7,13,7,51,38,48,
马鞍山市,开发区,118.5019,31.6449,2026-08-20T1100,NA,NA,0.6,13,6,52,38,NA,NA
马鞍山市,雨山,118.4914,31.681,2026-08-20T1100,15,55,0.8,14,6,54,39,54,颗粒物(PM10)
马鞍山市,慈湖高新区,118.527362,31.722269,2026-08-20T1100,12,31,0.5,12,5,52,36,31,
茂名市,电白南海,111.0285,21.469,2026-08-20T1100,13,24,0.5,11,3,38,43,24,
茂名市,茂石化七小,110.9294,21.6533,2026-08-20T1100,16,39,0.3,11,4,49,47,39,
茂名市,健康路,110.9108,21.6688,2026-08-20T1100,14,17,0.4,6,6,57,51,20,
茂名市,高岭,110.8592,21.6826,2026-08-20T1100,15,24,/,12,7,56,51,24,
茂名市,电白水东,111.0101,21.5165,2026-08-20T1100,17,19,/,10,4,44,48,25,
眉山市,气象局,103.8414,30.0871,2026-08-20T1100,19,20,1.0,12,8,93,26,30,
眉山市,区人社局,103.829,30.0563,2026-08-20T1100,14,34,0.9,17,8,86,33,34,
眉山市,眉职院,103.8836,30.0695,2026-08-20T1100,34,54,1.1,14,8,85,28,53,颗粒物(PM10)
梅州市,梅江月梅,116.1248,24.3307,2026-08-20T1100,3,16,/,7,/,43,24,16,
梅州市,梅县新城,116.0798,24.2719,2026-08-20T1100,14,24,0.5,12,12,47,31,24,
梅州市,梅龙,116.1234,24.2994,2026-08-20T1100,12,22,0.5,9,10,44,31,22,
绵阳市,富乐山,104.7775,31.4741,2026-08-20T1100,24,39,0.7,12,7,25,10,39,
绵阳市,高新区自来水公司,104.6698,31.4668,2026-08-20T1100,22,37,0.8,18,9,NA,12,NA,NA
绵阳市,西科大附属小学,104.6899,31.5324,2026-08-20T1100,18,39,0.6,12,8,17,10,39,
绵阳市,安州区旅游局,104.5647,31.5343,2026-08-20T1100,21,32,0.3,15,8,19,13,32,
绵阳市,科技城新区公安局,104.7092,31.4972,2026-08-20T1100,22,46,0.8,16,8,20,14,46,
绵阳市,绵阳市气象局,104.765114,31.453094,2026-08-20T1100,20,27,0.6,19,8,28,16,29,
牡丹江市,环保大楼,129.61,44.561,2026-08-20T1100,3,12,0.4,11,6,48,21,15,
牡丹江市,机车工厂,129.6364,44.6075,2026-08-20T1100,17,39,0.5,19,8,48,13,39,
牡丹江市,第一中学,129.6386,44.5462,2026-08-20T1100,3,9,0.5,12,5,42,15,14,
牡丹江市,东晓云街98号,129.5992,44.5964,2026-08-20T1100,11,24,0.4,NA,NA,46,22,NA,NA
内江市,市监测站,105.0703,29.61,2026-08-20T1100,NA,NA,0.6,NA,NA,56,33,NA,NA
内江市,内江二中,105.0657,29.5807,2026-08-20T1100,20,27,0.5,22,9,48,30,29,
内江市,内江日报社,105.0407,29.5828,2026-08-20T1100,21,NA,0.5,15,11,55,35,30,
内江市,玉峰路西段888号,105.0433,29.6105,2026-08-20T1100,16,NA,0.5,20,10,53,38,23,
那曲市,那曲监测站,92.0653,31.4846,2026-08-20T1100,3,51,0.4,10,7,87,68,51,颗粒物(PM10)
那曲市,那曲市委宣传部,92.0515,31.4787,2026-08-20T1100,3,24,0.2,11,7,88,66,28,
南昌市,省林业公司,115.8887,28.7006,2026-08-20T1100,11,19,0.3,3,5,96,74,30,
南昌市,林科所,115.813,28.7443,2026-08-20T1100,9,12,0.9,1,6,96,78,30,
南昌市,建工学校,115.8518,28.687,2026-08-20T1100,12,26,0.8,6,7,85,77,27,
南昌市,象湖,115.8926,28.6425,2026-08-20T1100,12,18,0.4,6,8,82,70,26,
南昌市,机电学校,115.9084,28.6062,2026-08-20T1100,10,30,0.9,9,8,93,77,30,
南昌市,外国语学校,115.9718,28.7032,2026-08-20T1100,9,23,0.4,2,12,80,70,25,
南昌市,工业二路,115.7923,28.6873,2026-08-20T1100,12,34,0.5,1,7,107,79,34,
南昌市,南京东路235号,115.931587,28.686774,2026-08-20T1100,14,26,0.4,2,4,90,84,29,
南充市,南充市委,106.0791,30.8022,2026-08-20T1100,26,40,0.4,14,6,59,34,40,
南充市,南充炼油厂,106.1038,30.8215,2026-08-20T1100,29,48,0.6,17,8,58,41,48,
南充市,梨树横街98号,106.108336,30.788436,2026-08-20T1100,30,48,0.6,17,8,61,38,48,
南充市,清泉寺北路188号,106.1172,30.843,2026-08-20T1100,21,28,0.4,10,8,63,44,30,
南充市,同庆路1号,106.067,30.7616,2026-08-20T1100,30,50,0.5,19,6,53,36,50,
南京市,迈皋桥,118.8033,32.1085,2026-08-20T1100,7,20,0.6,13,1,45,27,20,
南京市,草场门,118.7487,32.057,2026-08-20T1100,7,27,0.6,11,6,53,32,27,
南京市,中华门,118.770105,32.004342,2026-08-20T1100,3,9,0.3,11,7,55,33,18,
南京市,瑞金路,118.8059,32.0329,2026-08-20T1100,6,17,0.5,12,4,48,25,17,
南京市,玄武湖,118.7946,32.0774,2026-08-20T1100,3,18,0.4,10,4,40,17,18,
南京市,浦口,118.6415,32.0964,2026-08-20T1100,7,16,0.5,14,4,38,23,16,
南京市,奥体中心,118.730129,32.000956,2026-08-20T1100,3,25,0.8,12,6,47,25,25,
南京市,仙林大学城,118.9072,32.1047,2026-08-20T1100,7,27,0.3,10,3,52,24,27,
南京市,江宁彩虹桥,118.8443,31.919,2026-08-20T1100,3,22,0.4,9,5,61,25,22,
南京市,六合雄州,118.8497,32.3599,2026-08-20T1100,9,27,0.7,10,4,33,18,27,
南京市,新模范马路66号,118.7641,32.0841,2026-08-20T1100,3,22,0.4,4,5,62,34,22,
南京市,汶溪路181号,118.8707617,31.34017673,2026-08-20T1100,3,12,0.4,4,3,58,35,19,
南京市,中山西路1号,119.019,31.6512,2026-08-20T1100,3,12,0.6,7,4,64,28,20,
南宁市,二十一中,108.3098,22.788,2026-08-20T1100,14,23,0.8,5,4,72,29,23,
南宁市,北湖,108.3135,22.8529,2026-08-20T1100,14,24,0.6,6,4,68,36,24,
南宁市,市监测站,108.3205,22.8222,2026-08-20T1100,13,33,0.6,4,5,70,36,33,
南宁市,大自然花园,108.3828,22.8038,2026-08-20T1100,14,21,0.6,5,7,73,43,23,
南宁市,区农职院,108.2397,22.8462,2026-08-20T1100,18,33,0.6,4,7,73,32,33,
南宁市,英华嘉园,108.3285,22.7356,2026-08-20T1100,14,29,0.7,5,7,71,22,29,
南宁市,红星社区,108.4829,22.762,2026-08-20T1100,14,24,0.6,6,7,73,32,24,
南宁市,起凤路9号,108.2927,23.1477,2026-08-20T1100,15,22,0.6,5,5,73,31,23,
南宁市,乐贤路16号,108.2177,22.7774,2026-08-20T1100,12,26,0.6,4,NA,74,22,NA,NA
南平市,南平市监测站,118.1682,26.6371,2026-08-20T1100,11,17,NA,NA,5,58,14,NA,NA
南平市,南平七中,118.1757,26.6276,2026-08-20T1100,9,16,0.5,7,5,56,16,18,
南通市,狼山街道,120.9056,31.9669,2026-08-20T1100,3,14,0.6,4,4,52,31,17,
南通市,城中,120.8635,32.0231,2026-08-20T1100,3,11,0.4,1,1,48,31,15,
南通市,星湖花园,120.9376,31.9301,2026-08-20T1100,3,13,0.4,4,3,51,28,16,
南通市,紫琅学院,120.8053,32.046,2026-08-20T1100,3,8,0.3,7,2,44,27,14,
南通市,通州监测站,121.0631,32.0644,2026-08-20T1100,3,7,0.7,5,3,48,32,15,
南通市,环境教育馆,120.9348,31.9874,2026-08-20T1100,3,19,0.4,4,5,45,26,19,
南通市,洪江路,120.8692,31.9885,2026-08-20T1100,3,7,0.8,1,4,44,28,14,
南阳市,瓦房庄,112.5338,33.0086,2026-08-20T1100,37,58,0.6,9,5,70,68,56,颗粒物(PM10)
南阳市,汉画馆,112.5002,32.9734,2026-08-20T1100,38,63,0.9,8,7,79,76,60,颗粒物(PM10)
南阳市,气象站,112.5778,33.0144,2026-08-20T1100,32,58,0.6,3,7,80,65,56,颗粒物(PM10)
南阳市,理工学院,112.548,32.9687,2026-08-20T1100,43,53,0.8,7,7,83,87,66,细颗粒物(PM2.5)
南阳市,卧龙区政府,112.5233,32.9921,2026-08-20T1100,43,74,0.9,7,6,80,79,68,颗粒物(PM10)
宁波市,区环保大楼,121.8352,29.9111,2026-08-20T1100,9,21,0.6,12,5,35,19,21,
宁波市,万里学院,121.5595,29.8208,2026-08-20T1100,7,16,0.5,9,4,36,21,16,
宁波市,龙赛医院,121.713,29.9564,2026-08-20T1100,NA,23,0.5,12,9,44,22,NA,NA
宁波市,太古小学,121.5855,29.8635,2026-08-20T1100,3,15,0.5,4,4,43,20,15,
宁波市,市环境监测中心,121.5239,29.8673,2026-08-20T1100,8,14,0.7,17,9,28,17,14,
宁波市,万里国际学校,121.6156,29.9015,2026-08-20T1100,3,15,0.5,6,7,44,16,15,
宁波市,白沙活动中心,121.5593,29.8976,2026-08-20T1100,6,12,0.6,6,9,45,20,15,
宁波市,中科路88号,121.8962,29.7529,2026-08-20T1100,6,16,0.5,6,8,46,30,16,
宁德市,宁德市监测站,119.5387,26.6611,2026-08-20T1100,3,NA,0.5,9,4,32,20,10,
宁德市,宁德一中,119.5231,26.6562,2026-08-20T1100,3,NA,0.4,3,11,38,22,12,
怒江傈僳族自治州,州监测站,98.859,25.8541,2026-08-20T1100,6,23,0.5,6,6,25,13,23,
怒江傈僳族自治州,泸水一中,98.8607,25.8168,2026-08-20T1100,NA,NA,0.5,NA,NA,19,8,NA,NA
攀枝花市,弄弄坪,101.6891,26.571,2026-08-20T1100,25,53,1.3,25,16,35,21,53,颗粒物(PM10)
攀枝花市,河门口,101.577,26.5914,2026-08-20T1100,8,11,0.5,4,6,57,22,18,
攀枝花市,仁和,101.7365,26.4986,2026-08-20T1100,17,28,1.3,10,4,43,20,28,
攀枝花市,四十中小,101.7222,26.567,2026-08-20T1100,21,38,0.9,13,14,48,25,38,
盘锦市,开发区,122.0303,41.1489,2026-08-20T1100,20,40,0.8,4,6,149,98,47,
盘锦市,兴隆台,122.0486,41.0883,2026-08-20T1100,26,45,0.9,5,5,147,80,46,
盘锦市,新生街道,121.8297,41.1026,2026-08-20T1100,NA,32,NA,6,7,135,84,NA,NA
平顶山市,新华旅馆,113.3257,33.7423,2026-08-20T1100,54,80,0.7,11,4,102,81,88,细颗粒物(PM2.5)
平顶山市,规划设计院,113.2917,33.737,2026-08-20T1100,56,65,0.9,10,7,104,83,92,细颗粒物(PM2.5)
平顶山市,平顶山工学院,113.182,33.7738,2026-08-20T1100,44,45,0.7,9,9,112,82,68,细颗粒物(PM2.5)
平顶山市,石龙区,112.8736,33.9068,2026-08-20T1100,54,NA,0.6,8,10,121,64,88,细颗粒物(PM2.5)
平顶山市,姚电大道23号,113.284,33.7139,2026-08-20T1100,57,91,0.8,3,8,112,85,94,细颗粒物(PM2.5)
平凉市,聚贤嘉苑,106.6633,35.5338,2026-08-20T1100,18,25,0.7,6,7,83,51,26,
平凉市,博物馆,106.7021,35.5307,2026-08-20T1100,21,32,0.6,4,7,82,59,32,
萍乡市,中医院,113.8384,27.6436,2026-08-20T1100,16,39,0.7,NA,10,107,44,NA,NA
萍乡市,市环保局,113.8677,27.6438,2026-08-20T1100,20,34,0.4,5,9,116,60,37,
萍乡市,安源区政府,113.8663,27.6202,2026-08-20T1100,25,27,0.6,6,8,105,47,36,
萍乡市,联洪村委会,113.8686,27.6668,2026-08-20T1100,22,37,0.5,6,10,100,58,37,
莆田市,荔城区仓后路,119.0142,25.4324,2026-08-20T1100,3,6,/,6,/,44,25,14,
莆田市,莆田市监测站,119.0016,25.4553,2026-08-20T1100,0,NA,0.5,1,4,48,24,NA,NA
莆田市,涵江区六中,119.112,25.4561,2026-08-20T1100,3,20,NA,NA,/,44,28,NA,NA
莆田市,秀屿区政府,119.1014,25.3215,2026-08-20T1100,3,23,0.2,1,5,47,32,23,
濮阳市,环保局,115.0312,35.7636,2026-08-20T1100,46,47,0.8,10,6,115,72,72,细颗粒物(PM2.5)
濮阳市,濮水河管理处,115,35.7667,2026-08-20T1100,36,58,0.9,10,4,97,56,56,颗粒物(PM10)
濮阳市,中原东路68号,115.0552,35.7816,2026-08-20T1100,3,56,1.1,9,36,105,59,55,颗粒物(PM10)
濮阳市,任丘路479号,115.0923632,35.76857718,2026-08-20T1100,39,69,0.6,9,7,103,56,64,颗粒物(PM10)
普洱市,市环保局,100.9801,22.7634,2026-08-20T1100,9,29,0.8,6,6,57,24,29,
普洱市,普洱第二中学,100.9763,22.8237,2026-08-20T1100,14,44,0.7,7,11,48,19,44,
七台河市,中波台,131.0413,45.7795,2026-08-20T1100,8,11,0.4,6,4,67,31,21,
七台河市,人民广场,131.0136,45.7688,2026-08-20T1100,NA,NA,0.5,8,NA,65,28,NA,NA
七台河市,新建矿广场,130.8639,45.8144,2026-08-20T1100,3,31,0.3,10,6,74,32,31,
齐齐哈尔市,安居小区,123.9307,47.3641,2026-08-20T1100,15,57,0.7,5,4,108,71,55,颗粒物(PM10)
齐齐哈尔市,中心广场,123.9497,47.3389,2026-08-20T1100,23,69,0.5,NA,NA,107,63,NA,NA
齐齐哈尔市,农牧车辆厂,123.9483,47.3229,2026-08-20T1100,14,63,0.1,4,6,109,69,60,颗粒物(PM10)
齐齐哈尔市,市环境监测站,123.9442,47.2994,2026-08-20T1100,14,60,0.2,6,5,110,67,58,颗粒物(PM10)
齐齐哈尔市,富区青少年活动中心,123.6341,47.2079,2026-08-20T1100,17,63,0.4,7,5,101,66,60,颗粒物(PM10)
黔东南苗族侗族自治州,市环境监测站,107.9765,26.5724,2026-08-20T1100,10,26,NA,6,NA,74,55,NA,NA
黔东南苗族侗族自治州,凯里学院,107.8909,26.531,2026-08-20T1100,13,22,0.6,5,3,81,65,26,
黔南布依族苗族自治州,小围寨,107.5223,26.2371,2026-08-20T1100,14,14,0.6,5,4,63,48,20,
黔南布依族苗族自治州,沙坝,107.5175,26.2977,2026-08-20T1100,16,22,0.6,4,4,62,56,23,
黔西南布依族苗族自治州,场坝街,104.9022,25.0943,2026-08-20T1100,21,NA,0.5,14,19,57,25,30,
黔西南布依族苗族自治州,坪东大道,104.8812,25.0994,2026-08-20T1100,16,17,0.4,5,5,69,33,23,
钦州市,市环保站,108.6238,21.9667,2026-08-20T1100,13,39,0.7,8,6,87,52,39,
钦州市,沙埠小学,108.655,21.9481,2026-08-20T1100,18,45,0.6,NA,5,87,45,NA,NA
钦州市,港区一小,108.5989,21.7435,2026-08-20T1100,20,37,0.8,10,6,86,46,37,
钦州市,北职校,108.5959,21.9634,2026-08-20T1100,20,35,0.5,5,6,84,48,35,
秦皇岛市,建设大厦,119.5247,39.9346,2026-08-20T1100,32,57,1.1,5,5,138,67,55,颗粒物(PM10)
秦皇岛市,文明里,119.5979,39.938,2026-08-20T1100,24,60,0.8,2,13,127,78,58,颗粒物(PM10)
秦皇岛市,南园路157号,119.7458,39.9952,2026-08-20T1100,18,33,0.8,2,9,138,73,44,
秦皇岛市,翠岛大街1号,119.5131,39.8858,2026-08-20T1100,18,42,0.8,2,8,130,74,42,
秦皇岛市,北戴河轮滑馆,119.509013,39.825305,2026-08-20T1100,23,51,1.1,9,10,127,108,51,颗粒物(PM10)
青岛市,市南区东部子站,120.404,36.0625,2026-08-20T1100,6,9,0.3,2,6,79,60,25,
青岛市,四方区子站,120.362344,36.10282,2026-08-20T1100,6,19,0.5,7,4,81,66,26,
青岛市,市南区西部子站,120.294373,36.054183,2026-08-20T1100,3,6,0.4,5,6,75,68,24,
青岛市,崂山区子站,120.4581,36.0858,2026-08-20T1100,8,9,0.3,4,7,86,66,27,
青岛市,城阳区子站,120.3945,36.3083,2026-08-20T1100,6,19,0.3,9,3,75,52,24,
青岛市,市北区南部,120.3454,36.0735,2026-08-20T1100,3,12,0.3,13,5,76,70,24,
青岛市,李沧区北部,120.3897,36.18,2026-08-20T1100,6,9,0.5,8,3,84,54,27,
青岛市,盟旺路653号,120.5222,36.4089,2026-08-20T1100,7,16,0.6,4,7,81,60,26,
青岛市,珠江路669号,120.196923,35.954556,2026-08-20T1100,3,7,0.4,7,4,72,63,23,
青岛市,黄岛区人民政府广场,120.0424,35.8656,2026-08-20T1100,6,NA,0.2,5,5,76,67,24,
清远市,凤城街办,113.0218,23.7086,2026-08-20T1100,9,15,/,2,/,74,35,24,
清远市,技师学院,113.0479,23.6343,2026-08-20T1100,10,20,0.5,6,7,74,28,24,
清远市,清新太和,112.9898,23.7403,2026-08-20T1100,8,16,0.5,3,8,70,41,22,
清远市,清城东城,113.076,23.72,2026-08-20T1100,9,16,/,NA,/,71,28,NA,NA
庆阳市,庆阳五中,107.6325,35.7357,2026-08-20T1100,30,40,0.5,8,2,76,88,43,
庆阳市,市环保局,107.6361,35.7067,2026-08-20T1100,23,34,0.7,6,3,80,88,34,
曲靖市,环境监测站,103.7897,25.5036,2026-08-20T1100,22,40,0.8,16,9,46,35,40,
曲靖市,烟厂办公区,103.8013,25.5357,2026-08-20T1100,25,NA,0.8,NA,14,47,37,NA,NA
曲靖市,南苑二区,103.7926,25.4651,2026-08-20T1100,20,30,0.9,9,3,55,43,30,
曲靖市,曲靖师范学院,103.7442,25.5259,2026-08-20T1100,20,22,0.6,8,6,58,37,29,
衢州市,环保大楼,118.8694,28.94,2026-08-20T1100,13,28,/,9,/,75,48,28,
衢州市,衢州学院,118.8622,28.9809,2026-08-20T1100,12,22,0.2,10,7,70,41,22,
衢州市,衢州三中,118.9646,28.9832,2026-08-20T1100,16,29,0.6,9,4,71,40,29,
泉州市,涂山街,118.5818,24.9116,2026-08-20T1100,3,6,0.5,7,2,42,25,14,
泉州市,津头埔,118.597,24.8976,2026-08-20T1100,3,7,0.4,8,2,35,20,11,
泉州市,万安,118.6669,24.9422,2026-08-20T1100,3,12,0.5,13,3,26,20,12,
泉州市,霞新路6号,118.6355,24.9148,2026-08-20T1100,NA,NA,NA,NA,NA,NA,58,NA,NA
日喀则市,日喀则监测站,88.8873,29.2723,2026-08-20T1100,3,6,0.3,4,4,75,79,24,
日喀则市,林业技术推广中心,88.8775,29.2425,2026-08-20T1100,3,6,0.2,2,4,72,75,23,
日照市,监测站,119.4711,35.421,2026-08-20T1100,3,6,0.2,7,7,58,37,19,
日照市,市政府广场,119.523,35.4216,2026-08-20T1100,3,NA,0.3,3,3,58,51,19,
日照市,港务局,119.5511,35.4113,2026-08-20T1100,3,7,0.4,3,3,60,50,19,
日照市,职业技术学院,119.5326,35.4627,2026-08-20T1100,3,6,0.4,5,8,60,40,19,
日照市,岚山环保分局,119.3267,35.1043,2026-08-20T1100,NA,NA,1.6,NA,16,42,41,NA,NA
三门峡市,市政府,111.1922,34.7752,2026-08-20T1100,44,52,0.5,6,4,98,66,68,细颗粒物(PM2.5)
三门峡市,开发区,111.1588,34.794,2026-08-20T1100,48,61,0.8,10,9,96,69,76,细颗粒物(PM2.5)
三门峡市,三门峡市第一小学,111.1911,34.7829,2026-08-20T1100,46,64,0.7,6,7,98,71,72,细颗粒物(PM2.5)
三门峡市,富达温泉假日酒店,111.1031,34.719,2026-08-20T1100,NA,NA,NA,9,5,95,60,NA,NA
三明市,三钢,117.621,26.2626,2026-08-20T1100,6,11,0.5,4,4,60,22,19,
三明市,三明二中,117.6352,26.2714,2026-08-20T1100,8,27,0.3,4,8,60,21,27,
三明市,三元区政府,117.6028,26.2377,2026-08-20T1100,6,14,0.3,3,6,59,21,19,
三亚市,河西子站,109.4962,18.2682,2026-08-20T1100,3,17,0.3,3,3,74,74,24,
三亚市,君悦子站,109.7348,18.3443,2026-08-20T1100,3,10,0.4,6,4,68,57,22,
三亚市,城东小学站,109.1714,18.3739,2026-08-20T1100,3,16,/,6,/,69,68,22,
山南市,山南监测站,91.7592,29.234,2026-08-20T1100,3,18,0.4,13,9,57,64,18,
山南市,山南人民医院,91.7701,29.2436,2026-08-20T1100,3,11,0.3,9,11,70,76,22,
汕头市,金平子站,116.6795,23.3666,2026-08-20T1100,3,14,0.4,12,4,54,46,17,
汕头市,龙湖子站,116.7248,23.3632,2026-08-20T1100,7,12,/,18,5,37,44,12,
汕头市,濠江子站,116.7257,23.2774,2026-08-20T1100,7,12,/,11,6,45,42,15,
汕头市,澄海子站,116.7518,23.4712,2026-08-20T1100,9,NA,0.6,12,5,50,42,NA,NA
汕头市,潮阳子站,116.6088,23.2539,2026-08-20T1100,14,NA,0.9,10,6,60,48,20,
汕头市,潮南峡山,116.4539,23.2684,2026-08-20T1100,8,18,0.8,16,6,47,41,18,
汕头市,潮南子站,116.4069,23.2533,2026-08-20T1100,10,11,/,15,8,50,38,16,
汕尾市,市环保局,115.3653,22.7751,2026-08-20T1100,3,12,0.4,6,6,58,53,19,
汕尾市,新城中学,115.362,22.7926,2026-08-20T1100,3,6,0.6,2,6,58,49,19,
商洛市,监测站,109.9155,33.8714,2026-08-20T1100,28,37,0.4,8,12,111,41,40,
商洛市,商州区中学,109.9647,33.8486,2026-08-20T1100,29,50,0.5,8,12,115,41,50,
商丘市,环境监测站,115.6701,34.4283,2026-08-20T1100,25,31,0.4,4,6,53,46,36,
商丘市,粮食局,115.6458,34.4047,2026-08-20T1100,20,NA,0.4,5,5,56,54,29,
商丘市,梁园区档案局,115.6069,34.4465,2026-08-20T1100,20,NA,0.7,2,3,98,50,NA,NA
商丘市,北海东路185号,115.6701,34.3767,2026-08-20T1100,15,30,0.5,6,5,47,52,30,
商丘市,中山大街3号,115.6172,34.3704,2026-08-20T1100,13,29,0.5,7,6,51,59,29,
上海市,普陀,121.401,31.2382,2026-08-20T1100,11,19,0.2,9,5,43,24,19,
上海市,十五厂,121.4774,31.2043,2026-08-20T1100,15,19,0.6,10,5,30,16,22,
上海市,虹口,121.4673,31.3011,2026-08-20T1100,20,NA,0.3,6,4,37,22,29,
上海市,静安监测站,121.4253,31.226,2026-08-20T1100,11,22,0.6,8,7,43,26,22,
上海市,浦东川沙,121.7029,31.1905,2026-08-20T1100,11,20,0.5,5,9,51,32,20,
上海市,浦东新区监测站,121.5339,31.229,2026-08-20T1100,11,21,0.4,11,8,31,17,21,
上海市,浦东张江,121.5776,31.2038,2026-08-20T1100,11,18,0.1,6,6,45,23,18,
上海市,宝山庙行,121.4242,31.3303,2026-08-20T1100,14,21,0.3,9,6,33,17,21,
上海市,崇明上实东滩,121.8789,31.4662,2026-08-20T1100,10,13,0.2,2,6,48,34,15,
上海市,嘉定南翔,121.316,31.2839,2026-08-20T1100,11,15,0.2,5,6,36,18,16,
上海市,金山新城,121.3357,30.7455,2026-08-20T1100,12,24,0.5,2,4,48,29,24,
上海市,闵行浦江,121.4996,31.0741,2026-08-20T1100,10,18,0.5,8,6,32,21,18,
上海市,青浦徐泾,121.2886,31.1663,2026-08-20T1100,12,23,0.4,3,6,33,19,23,
上海市,松江图书馆,121.2193,31.0382,2026-08-20T1100,14,26,0.4,8,6,42,26,26,
上海市,长宁仙霞,121.3904,31.206,2026-08-20T1100,11,22,0.3,10,5,28,15,22,
上海市,浦东惠南,121.7964,31.0507,2026-08-20T1100,10,16,0.6,5,8,45,29,16,
上海市,奉贤南桥新城,121.4891,30.925,2026-08-20T1100,10,18,0.2,3,2,36,21,18,
上海市,冠生园路458号,121.417401,31.16637,2026-08-20T1100,12,20,0.5,11,7,39,25,20,
上海市,宁武路151号,121.541914,31.268301,2026-08-20T1100,12,21,0.5,12,7,36,21,21,
上饶市,市监测站,117.9758,28.4439,2026-08-20T1100,3,24,/,2,1,74,58,24,
上饶市,凤凰光学,117.9521,28.4637,2026-08-20T1100,6,20,0.2,2,4,80,56,25,
上饶市,双创科技城,117.897,28.4316,2026-08-20T1100,7,24,0.4,4,4,74,54,24,
上饶市,裕丰大道,118.190438,28.444845,2026-08-20T1100,9,22,0.5,6,5,73,48,23,
韶关市,市八中,113.5821,24.7733,2026-08-20T1100,17,26,0.5,6,9,68,23,26,
韶关市,园林处,113.5916,24.7973,2026-08-20T1100,17,19,/,8,10,64,20,25,
韶关市,曲江监测站,113.5971,24.6864,2026-08-20T1100,18,26,0.8,10,NA,70,21,NA,NA
韶关市,大学路288号,113.6668,24.7756,2026-08-20T1100,16,23,/,22,13,25,18,23,
韶关市,碧湖山庄,113.5556,24.8082,2026-08-20T1100,6,15,0.5,10,7,55,22,18,
邵阳市,市化工厂,111.5277,27.2442,2026-08-20T1100,34,34,0.5,4,6,84,74,49,
邵阳市,市环保局,111.4327,27.2276,2026-08-20T1100,29,45,0.6,6,4,81,49,45,
邵阳市,北塔二期4-26地块,111.446,27.2472,2026-08-20T1100,NA,NA,0.6,5,5,77,35,NA,NA
邵阳市,邵水西路287号,111.4739,27.2282,2026-08-20T1100,30,38,0.8,4,3,92,68,43,
绍兴市,城东开发委,120.6053,29.9927,2026-08-20T1100,11,26,0.5,7,NA,44,18,NA,NA
绍兴市,树下王站,120.5482,30.0003,2026-08-20T1100,9,14,0.5,12,3,43,21,14,
绍兴市,绍兴中专,120.5685,29.936,2026-08-20T1100,10,22,0.7,6,4,51,19,22,
绍兴市,柯桥区政府,120.4905,30.086,2026-08-20T1100,10,19,0.7,15,6,38,21,19,
绍兴市,重华小学,120.8751,30.0249,2026-08-20T1100,11,16,0.6,6,3,40,16,16,
绍兴市,上虞中学,120.837,30.0137,2026-08-20T1100,10,17,0.4,7,3,48,19,17,
绍兴市,柯桥妇保,120.4715,30.0414,2026-08-20T1100,11,19,0.4,8,6,40,19,19,
绍兴市,袍江中学,120.6156,30.0762,2026-08-20T1100,7,16,0.4,8,5,43,20,16,
深圳市,通心岭子站,114.0948,22.5506,2026-08-20T1100,3,10,0.4,8,3,57,60,18,
深圳市,洪湖,114.1153,22.5713,2026-08-20T1100,7,10,0.6,7,3,52,49,17,
深圳市,华侨城,113.9823,22.5398,2026-08-20T1100,3,17,/,12,/,46,53,17,
深圳市,南海子站,113.9181,22.517,2026-08-20T1100,6,8,0.9,7,5,58,56,19,
深圳市,盐田,114.2345,22.565,2026-08-20T1100,3,16,0.6,19,6,47,33,16,
深圳市,南澳,114.4911,22.5381,2026-08-20T1100,3,6,/,7,/,64,57,20,
深圳市,葵涌,114.41,22.6346,2026-08-20T1100,3,6,0.7,12,6,60,52,19,
深圳市,梅沙,114.2967,22.5978,2026-08-20T1100,3,8,/,6,/,70,56,22,
深圳市,观澜,114.0563,22.7353,2026-08-20T1100,3,19,0.7,3,2,62,44,20,
深圳市,莲花,114.0614,22.556,2026-08-20T1100,3,12,/,8,/,33,52,12,
深圳市,民治,114.0144,22.6163,2026-08-20T1100,13,16,/,13,/,60,48,19,
深圳市,横岗,114.1756,22.6421,2026-08-20T1100,11,11,/,12,/,60,50,19,
深圳市,坪山,114.344,22.7115,2026-08-20T1100,3,9,0.8,16,4,58,46,19,
深圳市,西乡,113.8952,22.586,2026-08-20T1100,3,15,0.7,13,6,63,51,20,
深圳市,黄阁路,114.214113,22.713717,2026-08-20T1100,9,12,1.0,12,5,55,49,18,
沈阳市,浑南东路,123.5058,41.7084,2026-08-20T1100,13,23,1.5,7,6,132,44,42,
沈阳市,新秀街,123.4238,41.6992,2026-08-20T1100,NA,NA,NA,NA,NA,NA,NA,NA,NA
沈阳市,东陵路,123.5903,41.8412,2026-08-20T1100,9,23,0.7,10,9,106,41,34,
沈阳市,陵东街,123.4267,41.8466,2026-08-20T1100,20,28,1.2,9,7,99,39,31,
沈阳市,文化路,123.4116,41.7654,2026-08-20T1100,28,40,1.3,15,8,124,53,40,
沈阳市,小河沿,123.4673,41.787,2026-08-20T1100,14,30,1.3,9,7,100,28,32,
沈阳市,太原街,123.4019,41.7978,2026-08-20T1100,24,44,NA,12,NA,117,46,NA,NA
沈阳市,京沈街,123.3778,41.9233,2026-08-20T1100,34,NA,1.3,21,5,117,46,NA,NA
沈阳市,沈辽西路,123.2429,41.7341,2026-08-20T1100,31,56,1.5,9,6,126,53,55,颗粒物(PM10)
沈阳市,裕农路,123.5951,41.9085,2026-08-20T1100,18,26,1.4,8,12,119,41,38,
十堰市,滨河新村,110.78,32.6494,2026-08-20T1100,26,47,1.0,12,/,54,26,47,
十堰市,刘家沟,110.7305,32.6408,2026-08-20T1100,35,50,/,7,/,59,38,50,
十堰市,铁二处,110.8843,32.5712,2026-08-20T1100,29,45,0.9,15,8,24,21,45,
十堰市,郧阳区金沙路,110.8053,32.8401,2026-08-20T1100,13,32,0.9,7,9,50,35,32,
四平市,植物园,124.4029,43.1411,2026-08-20T1100,18,24,0.7,4,6,124,66,39,
四平市,世纪城,124.3286,43.1726,2026-08-20T1100,27,33,0.6,5,8,133,73,42,
松原市,江南,124.8007,45.1213,2026-08-20T1100,17,31,0.4,NA,NA,116,61,NA,NA
松原市,江北,124.7967,45.1721,2026-08-20T1100,17,24,0.5,2,2,100,71,32,
苏州市,轧钢厂,120.5974,31.3247,2026-08-20T1100,8,18,0.6,17,4,48,20,18,
苏州市,吴中区,120.6329,31.2741,2026-08-20T1100,10,25,0.4,7,5,40,16,25,
苏州市,苏州新区,120.5566,31.3049,2026-08-20T1100,11,22,0.4,7,5,55,24,22,
苏州市,苏州工业园区,120.668709,31.312523,2026-08-20T1100,6,18,0.5,8,8,50,21,18,
苏州市,相城区,120.6408,31.3707,2026-08-20T1100,3,20,0.6,8,2,42,19,20,
苏州市,方洲路,120.7431,31.3188,2026-08-20T1100,9,17,0.5,12,8,47,19,17,
苏州市,木渎中学,120.4979,31.2777,2026-08-20T1100,7,14,0.8,8,4,52,27,17,
苏州市,越秀幼儿园,120.642,31.1733,2026-08-20T1100,6,18,0.6,5,2,51,21,18,
苏州市,高铁新城,120.6502,31.4117,2026-08-20T1100,7,22,0.5,13,6,41,18,22,
苏州市,学森路9号,120.4282,31.3228,2026-08-20T1100,3,17,0.5,10,7,52,22,17,
宿迁市,宿迁学院,118.2924,33.933,2026-08-20T1100,8,16,0.6,3,10,54,31,17,
宿迁市,宿迁中学,118.2321,33.9572,2026-08-20T1100,8,16,0.6,5,6,56,34,18,
宿迁市,市供电局,118.2781,33.9658,2026-08-20T1100,3,16,0.1,5,2,59,36,19,
宿迁市,宿豫区政府,118.3243,33.95,2026-08-20T1100,7,15,0.4,6,4,55,32,18,
宿迁市,春华路,118.352,33.7886,2026-08-20T1100,12,21,0.2,6,4,61,31,21,
宿州市,远航博物馆,116.9508,33.666,2026-08-20T1100,16,32,0.3,7,6,68,29,32,
宿州市,社会福利中心,116.9708,33.5911,2026-08-20T1100,22,37,0.4,9,9,75,36,37,
宿州市,皖北煤电集团,116.9647,33.6252,2026-08-20T1100,17,37,0.4,6,7,80,41,37,
宿州市,中兴路,116.9929,33.6412,2026-08-20T1100,13,31,0.5,7,10,65,29,31,
绥化市,人和东街,126.9783,46.6365,2026-08-20T1100,11,25,0.2,8,11,81,42,26,
绥化市,党政办公中心,126.964,46.6527,2026-08-20T1100,3,19,0.2,9,8,82,49,26,
随州市,市委党校,113.3587,31.7275,2026-08-20T1100,19,40,0.8,7,5,104,79,40,
随州市,市林业局,113.3745,31.6926,2026-08-20T1100,25,37,0.8,5,4,106,79,37,
随州市,市立交桥水厂,113.3984,31.7309,2026-08-20T1100,24,37,0.7,4,4,102,69,37,
遂宁市,市监测站,105.5581,30.5231,2026-08-20T1100,9,22,0.6,7,6,83,43,26,
遂宁市,美宁食品公司,105.5917,30.4727,2026-08-20T1100,9,16,0.7,9,8,84,46,27,
遂宁市,环岛商务中心9号楼,105.5911,30.5368,2026-08-20T1100,NA,NA,0.6,NA,NA,78,37,NA,NA
塔城地区,东门外小游园,82.9993,46.7432,2026-08-20T1100,3,6,0.1,4,2,81,60,26,
塔城地区,文化广场,82.9716,46.7464,2026-08-20T1100,3,18,0.2,9,1,72,55,23,
台州市,黄岩环保大楼,121.2727,28.6461,2026-08-20T1100,3,15,/,6,/,42,17,15,
台州市,台州环保大楼,121.4188,28.6545,2026-08-20T1100,3,15,0.6,5,/,44,32,15,
台州市,路桥田洋王,121.3768,28.5772,2026-08-20T1100,3,NA,0.3,6,5,43,30,14,
台州市,台州科技职业学院,121.25678,28.66823971,2026-08-20T1100,3,8,0.5,6,7,42,22,14,
太原市,尖草坪,112.5138,37.8916,2026-08-20T1100,39,59,1.3,17,15,112,82,58,细颗粒物(PM2.5)
太原市,晋源,112.4691,37.7125,2026-08-20T1100,NA,NA,1.1,18,NA,101,68,NA,NA
太原市,小店,112.5595,37.7391,2026-08-20T1100,41,57,0.8,25,9,106,86,62,细颗粒物(PM2.5)
太原市,坞城,112.5705,37.8199,2026-08-20T1100,38,64,1.6,21,17,106,80,60,颗粒物(PM10)
太原市,南寨,112.5495,37.9853,2026-08-20T1100,44,NA,1.1,9,13,116,50,68,细颗粒物(PM2.5)
太原市,金胜,112.4702,37.7821,2026-08-20T1100,36,NA,0.6,14,11,118,72,NA,NA
太原市,育英中学,112.5608,37.8807,2026-08-20T1100,40,58,1.2,17,14,104,64,60,细颗粒物(PM2.5)
太原市,西矿街336号,112.449,37.8509,2026-08-20T1100,40,64,1.0,16,11,120,79,60,"颗粒物(PM10),细颗粒物(PM2.5)"
太原市,迎宾北路9号,112.4792,37.9393,2026-08-20T1100,45,61,1.3,NA,NA,119,70,NA,NA
太原市,迎泽大街248号,112.551,37.8575,2026-08-20T1100,42,69,1.6,18,14,104,67,64,"颗粒物(PM10),细颗粒物(PM2.5)"
泰安市,监测站,117.1436,36.1938,2026-08-20T1100,17,31,0.7,4,15,82,66,31,
泰安市,人口学校,117.0905,36.2002,2026-08-20T1100,6,24,0.6,4,8,81,71,26,
泰安市,电力学校,117.0992,36.1757,2026-08-20T1100,15,24,0.7,4,6,86,64,27,
泰安市,国网新校,117.1812,36.2273,2026-08-20T1100,12,NA,0.9,5,10,91,68,29,
泰安市,交通技校,117.0315,36.2017,2026-08-20T1100,8,12,0.6,NA,8,84,NA,NA,NA
泰安市,山东第一医科大学,117.083,36.13,2026-08-20T1100,23,41,0.7,10,15,105,66,41,
泰州市,公园路,119.9042,32.488,2026-08-20T1100,3,12,0.3,2,6,50,34,16,
泰州市,莲花,119.9189,32.4626,2026-08-20T1100,3,15,0.3,3,7,48,30,15,
泰州市,留学生创业园,119.8877,32.4636,2026-08-20T1100,9,11,0.5,2,6,52,33,17,
泰州市,王营,119.8767,32.3291,2026-08-20T1100,3,12,NA,NA,8,46,22,NA,NA
泰州市,姜堰区政府广场,120.1226,32.515,2026-08-20T1100,7,12,0.5,2,7,53,37,17,
泰州市,周山河街区,119.9186,32.4322,2026-08-20T1100,3,14,0.4,3,8,34,21,14,
